bedrooms,bathrooms,sqft,lot_size,year_built,has_pool,garage_spaces,market,neighborhood,price
3,2.5,1710,8450,2003,False,2,"Ames, IA",CollgCr,208500.0
3,2.0,1262,9600,1976,False,2,"Ames, IA",Veenker,181500.0
3,2.5,1786,11250,2001,False,2,"Ames, IA",CollgCr,223500.0
3,1.0,1717,9550,1915,False,3,"Ames, IA",Crawfor,140000.0
4,2.5,2198,14260,2000,False,3,"Ames, IA",NoRidge,250000.0
1,1.5,1362,14115,1993,False,2,"Ames, IA",Mitchel,143000.0
3,2.0,1694,10084,2004,False,2,"Ames, IA",Somerst,307000.0
3,2.5,2090,10382,1973,False,2,"Ames, IA",NWAmes,200000.0
2,2.0,1774,6120,1931,False,2,"Ames, IA",OldTown,129900.0
2,1.0,1077,7420,1939,False,1,"Ames, IA",BrkSide,118000.0
3,1.0,1040,11200,1965,False,1,"Ames, IA",Sawyer,129500.0
4,3.0,2324,11924,2005,False,3,"Ames, IA",NridgHt,345000.0
2,1.0,912,12968,1962,False,1,"Ames, IA",Sawyer,144000.0
3,2.0,1494,10652,2006,False,3,"Ames, IA",CollgCr,279500.0
2,1.5,1253,10920,1960,False,1,"Ames, IA",NAmes,157000.0
2,1.0,854,6120,1929,False,2,"Ames, IA",BrkSide,132000.0
2,1.0,1004,11241,1970,False,2,"Ames, IA",NAmes,149000.0
2,2.0,1296,10791,1967,False,2,"Ames, IA",Sawyer,90000.0
3,1.5,1114,13695,2004,False,2,"Ames, IA",SawyerW,159000.0
3,1.0,1339,7560,1958,False,1,"Ames, IA",NAmes,139000.0
4,3.5,2376,14215,2005,False,3,"Ames, IA",NridgHt,325300.0
3,1.0,1108,7449,1930,False,1,"Ames, IA",IDOTRR,139400.0
3,2.0,1795,9742,2002,False,2,"Ames, IA",CollgCr,230000.0
3,1.0,1060,4224,1976,False,2,"Ames, IA",MeadowV,129900.0
3,1.0,1060,8246,1968,False,1,"Ames, IA",Sawyer,154000.0
3,2.0,1600,14230,2007,False,3,"Ames, IA",NridgHt,256300.0
3,1.0,900,7200,1951,False,2,"Ames, IA",NAmes,134800.0
3,2.0,1704,11478,2007,False,3,"Ames, IA",NridgHt,306000.0
2,1.0,1600,16321,1957,False,1,"Ames, IA",NAmes,207500.0
1,1.0,520,6324,1927,False,1,"Ames, IA",BrkSide,68500.0
3,1.0,1317,8500,1920,False,1,"Ames, IA",IDOTRR,40000.0
3,1.5,1228,8544,1966,False,1,"Ames, IA",Sawyer,149350.0
3,2.0,1234,11049,2007,False,2,"Ames, IA",CollgCr,179900.0
4,1.5,1700,10552,1959,False,2,"Ames, IA",NAmes,165500.0
2,2.0,1561,7313,2005,False,2,"Ames, IA",NridgHt,277500.0
4,3.5,2452,13418,2004,False,3,"Ames, IA",NridgHt,309000.0
3,1.5,1097,10859,1994,False,2,"Ames, IA",CollgCr,145000.0
3,1.0,1297,8532,1954,False,2,"Ames, IA",NAmes,153000.0
3,1.0,1057,7922,1953,False,1,"Ames, IA",NAmes,109000.0
2,2.0,1152,6040,1955,False,0,"Ames, IA",Edwards,82000.0
3,2.0,1324,8658,1965,False,2,"Ames, IA",NAmes,160000.0
2,1.5,1328,16905,1959,False,1,"Ames, IA",Timber,170000.0
2,1.0,884,9180,1983,False,2,"Ames, IA",SawyerW,144000.0
3,1.0,938,9200,1975,False,1,"Ames, IA",CollgCr,130250.0
3,1.0,1150,7945,1959,False,1,"Ames, IA",NAmes,141000.0
2,2.0,1752,7658,2005,False,2,"Ames, IA",NridgHt,319900.0
1,1.5,2149,12822,2003,False,2,"Ames, IA",Mitchel,239686.0
3,2.0,1656,11096,2006,False,3,"Ames, IA",Somerst,249700.0
2,2.0,1452,4456,1920,False,0,"Ames, IA",OldTown,113000.0
3,1.0,955,7742,1966,False,1,"Ames, IA",Sawyer,127000.0
3,2.0,1470,13869,1997,False,2,"Ames, IA",Gilbert,177000.0
3,1.0,1176,6240,1934,False,2,"Ames, IA",BrkSide,114500.0
2,1.0,816,8472,1963,False,2,"Ames, IA",IDOTRR,110000.0
0,0.5,1842,50271,1981,False,3,"Ames, IA",Veenker,385000.0
3,1.0,1360,7134,1955,False,2,"Ames, IA",NAmes,130000.0
3,2.0,1425,10175,1964,False,2,"Ames, IA",NAmes,180500.0
3,2.5,1739,2645,1999,False,2,"Ames, IA",Somerst,172500.0
3,2.5,1720,11645,2004,False,2,"Ames, IA",CollgCr,196500.0
3,3.5,2945,13682,2006,False,3,"Ames, IA",StoneBr,438780.0
2,1.0,780,7200,1972,False,1,"Ames, IA",CollgCr,124900.0
3,1.5,1158,13072,2004,False,2,"Ames, IA",SawyerW,158000.0
3,1.0,1111,7200,1920,False,1,"Ames, IA",IDOTRR,101000.0
2,2.0,1370,6442,2006,False,2,"Ames, IA",NridgHt,202500.0
3,2.0,1710,10300,1921,False,2,"Ames, IA",OldTown,140000.0
3,2.5,2034,9375,1997,False,2,"Ames, IA",CollgCr,219500.0
4,2.5,2473,9591,2004,False,3,"Ames, IA",NridgHt,317000.0
3,2.0,2207,19900,1970,False,2,"Ames, IA",NAmes,180000.0
3,2.0,1479,10665,2003,False,2,"Ames, IA",CollgCr,226000.0
2,1.0,747,4608,1945,False,1,"Ames, IA",OldTown,80000.0
3,2.0,2287,15593,1953,False,2,"Ames, IA",ClearCr,225000.0
3,2.0,2223,13651,1973,False,2,"Ames, IA",NAmes,244000.0
2,1.0,845,7599,1982,False,2,"Ames, IA",Mitchel,129500.0
3,2.5,1718,10141,1998,False,2,"Ames, IA",Gilbert,185000.0
3,1.0,1086,10200,1954,False,2,"Ames, IA",NAmes,144900.0
3,2.0,1605,5790,1915,False,1,"Ames, IA",OldTown,107400.0
2,1.0,988,1596,1973,False,1,"Ames, IA",MeadowV,91000.0
2,1.0,952,8475,1956,False,1,"Ames, IA",NAmes,135750.0
2,1.0,1285,8635,1948,False,1,"Ames, IA",BrkSide,127000.0
4,2.0,1768,10778,1968,False,0,"Ames, IA",Sawyer,136500.0
2,1.5,1230,10440,1910,False,2,"Ames, IA",OldTown,110000.0
4,2.5,2142,13000,1968,False,1,"Ames, IA",NAmes,193500.0
2,2.0,1337,4500,1998,False,2,"Ames, IA",Mitchel,153500.0
3,2.0,1563,10206,2007,False,3,"Ames, IA",Somerst,245000.0
3,1.5,1065,8892,1960,False,2,"Ames, IA",NAmes,126500.0
3,2.5,1474,8530,1995,False,2,"Ames, IA",Gilbert,168500.0
4,2.5,2417,16059,1991,False,2,"Ames, IA",NoRidge,260000.0
3,2.5,1560,11911,2005,False,2,"Ames, IA",Gilbert,174000.0
2,2.5,1224,3951,2009,False,2,"Ames, IA",Somerst,164500.0
2,1.0,1526,8470,1915,False,0,"Ames, IA",IDOTRR,85000.0
3,1.0,990,8070,1994,False,0,"Ames, IA",CollgCr,123600.0
2,1.0,1040,7200,1950,False,2,"Ames, IA",NAmes,109900.0
2,1.0,1235,8500,1961,False,2,"Ames, IA",NAmes,98600.0
2,1.0,964,13360,1921,False,2,"Ames, IA",Crawfor,163500.0
4,2.0,2291,7200,1910,False,2,"Ames, IA",OldTown,133900.0
3,2.5,1786,9337,1997,False,2,"Ames, IA",CollgCr,204750.0
3,2.5,1470,9765,1993,False,2,"Ames, IA",Gilbert,185000.0
3,2.0,1588,10264,1999,False,2,"Ames, IA",CollgCr,214000.0
3,1.0,960,10921,1965,False,1,"Ames, IA",Edwards,94750.0
2,1.0,835,10625,1920,False,1,"Ames, IA",Edwards,83000.0
3,1.5,1225,9320,1959,False,0,"Ames, IA",NAmes,128950.0
3,2.0,1610,10603,1977,False,2,"Ames, IA",NWAmes,205000.0
3,2.5,1732,9206,1985,False,2,"Ames, IA",SawyerW,178000.0
4,2.0,1535,7018,1979,False,2,"Ames, IA",SawyerW,118964.0
3,2.0,1226,10402,2009,False,3,"Ames, IA",CollgCr,198900.0
4,1.5,1818,7758,1931,False,1,"Ames, IA",IDOTRR,169500.0
3,2.5,1992,9375,2003,False,2,"Ames, IA",Somerst,250000.0
2,1.0,1047,10800,1885,False,1,"Ames, IA",OldTown,100000.0
2,1.0,789,6000,1948,False,1,"Ames, IA",OldTown,115000.0
3,2.0,1517,8500,1919,False,0,"Ames, IA",IDOTRR,115000.0
3,2.0,1844,11751,1977,False,2,"Ames, IA",NWAmes,190000.0
4,2.0,1855,9525,1954,False,1,"Ames, IA",Edwards,136900.0
3,2.5,1430,7750,2000,False,2,"Ames, IA",Gilbert,180000.0
4,2.5,2696,9965,2007,False,3,"Ames, IA",CollgCr,383970.0
3,2.0,2259,21000,1953,False,2,"Ames, IA",Crawfor,217000.0
3,2.5,2320,7259,1945,False,1,"Ames, IA",Crawfor,259500.0
2,2.5,1458,3230,1999,False,2,"Ames, IA",Somerst,176000.0
3,1.0,1092,11616,1962,False,1,"Ames, IA",Sawyer,139000.0
2,1.5,1125,8536,2006,False,2,"Ames, IA",Edwards,155000.0
5,3.0,3222,12376,1990,False,3,"Ames, IA",SawyerW,320000.0
3,2.5,1456,8461,2005,False,2,"Ames, IA",CollgCr,163990.0
1,1.0,988,21453,1969,False,2,"Ames, IA",ClearCr,180000.0
3,1.0,1123,6060,1939,False,1,"Ames, IA",IDOTRR,100000.0
3,1.0,1080,9464,1958,False,1,"Ames, IA",NAmes,136000.0
2,2.0,1199,7892,1993,False,2,"Ames, IA",SawyerW,153900.0
3,2.0,1586,17043,1979,False,2,"Ames, IA",NWAmes,181000.0
2,1.0,754,6780,1935,False,0,"Ames, IA",IDOTRR,84500.0
2,2.0,958,4928,1976,False,2,"Ames, IA",NPkVill,128000.0
3,1.0,840,4388,1930,False,0,"Ames, IA",OldTown,87000.0
3,1.5,1348,7590,1966,False,2,"Ames, IA",NAmes,155000.0
3,1.5,1053,8973,1958,False,2,"Ames, IA",NAmes,150000.0
4,2.5,2157,14200,1966,False,2,"Ames, IA",NAmes,226000.0
3,2.5,2054,12224,2000,False,2,"Ames, IA",Gilbert,244000.0
3,1.0,1327,7388,1959,False,2,"Ames, IA",NAmes,150750.0
2,2.0,1296,6853,2001,False,2,"Ames, IA",Timber,220000.0
3,2.5,1721,10335,1968,False,2,"Ames, IA",Sawyer,180000.0
3,2.0,1682,10400,1970,False,2,"Ames, IA",NWAmes,174000.0
3,2.0,1214,10355,1967,False,1,"Ames, IA",NAmes,143000.0
5,3.0,1959,11070,1988,False,3,"Ames, IA",Mitchel,171000.0
3,2.5,1852,9066,1999,False,3,"Ames, IA",CollgCr,230000.0
3,2.5,1764,15426,1997,False,2,"Ames, IA",CollgCr,231500.0
3,1.0,864,10500,1971,False,0,"Ames, IA",NAmes,115000.0
3,2.0,1734,11645,2005,False,2,"Ames, IA",CollgCr,260000.0
4,2.0,1385,8520,1952,False,2,"Ames, IA",NAmes,166000.0
3,2.0,1501,10335,1999,False,2,"Ames, IA",CollgCr,204000.0
6,2.0,1728,9100,1963,False,2,"Ames, IA",Sawyer,125000.0
3,2.0,1709,2522,2004,False,2,"Ames, IA",Edwards,130000.0
2,1.0,875,6120,1931,False,1,"Ames, IA",BrkSide,105000.0
3,2.5,2035,9505,2001,False,2,"Ames, IA",Gilbert,222500.0
3,1.0,1080,7500,2004,False,0,"Ames, IA",SawyerW,141000.0
3,1.0,1344,6240,1936,False,1,"Ames, IA",BrkSide,115000.0
3,1.5,969,10356,1975,False,2,"Ames, IA",CollgCr,122000.0
2,2.0,1710,13891,2007,False,3,"Ames, IA",NridgHt,372402.0
4,2.5,1993,14803,1971,False,2,"Ames, IA",NWAmes,190000.0
1,1.0,1252,13500,1960,False,2,"Ames, IA",ClearCr,235000.0
4,1.0,1200,11340,1923,False,1,"Ames, IA",OldTown,125000.0
2,1.0,1096,9600,1924,False,0,"Ames, IA",Edwards,79000.0
2,1.0,1040,7200,1950,False,2,"Ames, IA",NAmes,109500.0
4,2.5,1968,12003,2009,False,3,"Ames, IA",Timber,269500.0
3,2.5,1947,12552,2004,False,2,"Ames, IA",Somerst,254900.0
4,2.5,2462,19378,2005,False,2,"Ames, IA",Gilbert,320000.0
3,2.0,1232,11120,1984,False,2,"Ames, IA",Veenker,162500.0
3,2.5,2668,13688,2003,False,3,"Ames, IA",NridgHt,412500.0
3,2.0,1541,12182,2005,False,2,"Ames, IA",NridgHt,220000.0
1,1.0,882,5500,1956,False,0,"Ames, IA",OldTown,103200.0
3,2.0,1616,5400,1926,False,1,"Ames, IA",OldTown,152000.0
4,2.0,1355,10106,1940,False,0,"Ames, IA",Edwards,127500.0
2,1.0,1867,10708,1955,False,1,"Ames, IA",ClearCr,190000.0
3,1.5,2161,10562,2007,False,3,"Ames, IA",NridgHt,325624.0
3,2.5,1720,8244,2004,False,2,"Ames, IA",Gilbert,183500.0
2,2.5,1707,16669,1981,False,2,"Ames, IA",Timber,228000.0
2,1.5,1382,12358,1941,False,2,"Ames, IA",OldTown,128500.0
3,1.0,1656,31770,1960,False,2,"Ames, IA",NAmes,215000.0
2,2.0,1767,5306,1987,False,2,"Ames, IA",StoneBr,239000.0
3,1.5,1362,10197,1961,False,2,"Ames, IA",NAmes,163000.0
3,2.0,1651,12416,1986,False,2,"Ames, IA",Timber,184000.0
4,2.0,2158,12615,1950,False,2,"Ames, IA",Edwards,243000.0
4,2.5,2060,10029,1988,False,2,"Ames, IA",ClearCr,211000.0
4,2.0,1920,13650,1958,False,2,"Ames, IA",Sawyer,172500.0
1,2.0,2234,17423,2008,False,3,"Ames, IA",StoneBr,501837.0
2,1.0,968,8520,1923,False,2,"Ames, IA",OldTown,100000.0
3,2.5,1525,2117,2000,False,2,"Ames, IA",Somerst,177000.0
4,1.5,1802,7588,1920,False,1,"Ames, IA",Crawfor,200100.0
3,1.0,1340,9060,1957,False,1,"Ames, IA",Edwards,120000.0
3,2.5,2082,11426,2003,False,2,"Ames, IA",OldTown,200000.0
3,1.0,1252,7438,1908,False,2,"Ames, IA",BrkSide,127000.0
4,2.5,3608,22950,1892,False,3,"Ames, IA",OldTown,475000.0
3,2.0,1217,9947,1990,False,2,"Ames, IA",Mitchel,173000.0
3,2.5,1656,10410,1916,False,1,"Ames, IA",OldTown,135000.0
2,1.0,1224,7018,1979,False,2,"Ames, IA",SawyerW,153337.0
0,1.5,1593,4923,2001,False,2,"Ames, IA",StoneBr,286000.0
3,2.5,2727,10570,1932,False,2,"Ames, IA",Crawfor,315000.0
4,1.5,1479,7472,1972,False,2,"Ames, IA",NAmes,184000.0
3,2.0,1431,9017,1999,False,2,"Ames, IA",CollgCr,192000.0
3,2.0,1709,2522,2004,False,2,"Ames, IA",Edwards,130000.0
3,1.0,864,7180,1972,False,1,"Ames, IA",CollgCr,127000.0
3,2.5,1456,2280,1976,False,2,"Ames, IA",NPkVill,148500.0
3,2.0,1726,9416,2007,False,3,"Ames, IA",Somerst,311872.0
4,2.0,3112,25419,1918,True,2,"Ames, IA",NAmes,235000.0
5,1.0,2229,5520,1912,False,0,"Ames, IA",OldTown,104000.0
3,2.0,1713,9591,2004,False,3,"Ames, IA",NridgHt,274900.0
2,2.0,1121,8546,2003,False,2,"Ames, IA",Edwards,140000.0
3,2.0,1279,10125,1977,False,2,"Ames, IA",Mitchel,171500.0
2,2.0,1310,7000,1924,False,1,"Ames, IA",OldTown,112000.0
1,1.0,848,4438,2004,False,2,"Ames, IA",CollgCr,149000.0
2,1.5,1284,3500,1947,False,1,"Ames, IA",OldTown,110000.0
3,2.0,1442,11851,1990,False,2,"Ames, IA",Gilbert,180500.0
3,1.5,1696,13673,1962,False,1,"Ames, IA",Sawyer,143900.0
3,1.0,1100,12493,1960,False,1,"Ames, IA",NAmes,141000.0
3,2.5,2062,14364,1988,False,2,"Ames, IA",SawyerW,277000.0
3,1.0,1092,8250,1964,False,2,"Ames, IA",NAmes,145000.0
2,1.0,864,5604,1925,False,0,"Ames, IA",Edwards,98000.0
3,2.0,1212,10420,2009,False,2,"Ames, IA",Edwards,186000.0
3,2.5,1852,8640,2009,False,2,"Ames, IA",Somerst,252678.0
3,1.0,990,13568,1995,False,2,"Ames, IA",CollgCr,156000.0
3,1.5,1392,10900,1977,False,1,"Ames, IA",CollgCr,161750.0
2,1.0,1236,10011,1957,False,1,"Ames, IA",NAmes,134450.0
3,2.0,1436,8450,2004,False,2,"Ames, IA",CollgCr,210000.0
3,1.0,1328,9906,1925,False,1,"Ames, IA",OldTown,107000.0
3,1.5,1954,15660,1939,False,2,"Ames, IA",Crawfor,311500.0
2,2.0,1248,3010,2005,False,2,"Ames, IA",Blmngtn,167240.0
2,2.0,1498,8990,2006,False,2,"Ames, IA",CollgCr,204900.0
4,2.5,2267,8068,2002,False,2,"Ames, IA",Gilbert,200000.0
3,2.5,1552,11475,1975,False,2,"Ames, IA",NWAmes,179900.0
2,1.0,864,10500,1971,False,2,"Ames, IA",NAmes,97000.0
3,2.0,2392,13472,2003,False,3,"Ames, IA",NridgHt,386250.0
3,2.5,1302,1680,1971,False,1,"Ames, IA",BrDale,112000.0
4,2.5,2520,9950,1995,False,3,"Ames, IA",NoRidge,290000.0
2,1.5,987,1869,1970,False,1,"Ames, IA",BrDale,106000.0
3,1.0,912,8521,1967,False,1,"Ames, IA",Sawyer,125000.0
2,2.0,1555,3182,2005,False,2,"Ames, IA",Blmngtn,192500.0
3,1.0,1194,8760,1959,False,1,"Ames, IA",NAmes,148000.0
4,2.5,2794,15138,1995,False,3,"Ames, IA",NoRidge,403000.0
2,1.5,987,1680,1972,False,1,"Ames, IA",BrDale,94500.0
3,1.0,894,10650,1976,False,1,"Ames, IA",CollgCr,128200.0
4,2.5,1960,7851,2002,False,2,"Ames, IA",Gilbert,216500.0
2,1.5,987,1680,1971,False,1,"Ames, IA",BrDale,89500.0
3,2.0,1414,8773,2004,False,2,"Ames, IA",CollgCr,185500.0
3,2.5,1744,9453,1993,False,2,"Ames, IA",SawyerW,194500.0
3,2.0,1694,12030,2007,False,3,"Ames, IA",NridgHt,318000.0
3,1.5,1487,8741,1945,False,1,"Ames, IA",Edwards,113000.0
3,2.0,1566,9000,2008,False,2,"Ames, IA",Somerst,262500.0
2,1.0,866,3880,1945,False,0,"Ames, IA",OldTown,110500.0
3,1.0,1440,5000,1900,False,1,"Ames, IA",OldTown,79000.0
3,1.5,1217,10762,1980,False,1,"Ames, IA",SawyerW,120000.0
3,2.5,2110,8880,1994,False,2,"Ames, IA",SawyerW,205000.0
3,2.0,1872,10400,1988,False,2,"Ames, IA",NWAmes,241500.0
4,2.0,1928,9142,1910,False,1,"Ames, IA",OldTown,137000.0
2,1.0,1375,11310,1954,False,2,"Ames, IA",NAmes,140000.0
3,2.5,1668,11317,2003,False,2,"Ames, IA",CollgCr,180000.0
4,2.0,2144,159000,1958,False,2,"Ames, IA",ClearCr,277000.0
3,1.0,1306,5350,1940,False,0,"Ames, IA",BrkSide,76500.0
2,2.0,1625,4750,2006,False,2,"Ames, IA",Crawfor,235000.0
3,2.5,1640,8366,2004,False,2,"Ames, IA",SawyerW,173000.0
3,2.0,1302,9350,1964,False,1,"Ames, IA",NAmes,158000.0
3,1.0,1314,8400,1957,False,1,"Ames, IA",NAmes,145000.0
4,2.5,2291,8738,1999,False,2,"Ames, IA",Gilbert,230000.0
3,2.5,1728,8791,2003,False,2,"Ames, IA",Somerst,207500.0
3,2.5,1604,8814,2006,False,2,"Ames, IA",CollgCr,220000.0
3,2.5,1792,12435,2001,False,2,"Ames, IA",CollgCr,231500.0
2,1.0,882,12702,1956,False,1,"Ames, IA",OldTown,97000.0
3,1.0,1382,19296,1962,False,2,"Ames, IA",NAmes,176000.0
3,2.5,2574,9588,2007,False,3,"Ames, IA",CollgCr,276000.0
3,1.0,1212,8471,1977,False,2,"Ames, IA",Sawyer,151000.0
3,1.0,1316,5500,1929,False,2,"Ames, IA",OldTown,130000.0
2,1.0,764,5232,1925,False,2,"Ames, IA",OldTown,73000.0
3,2.0,1422,12090,1981,False,2,"Ames, IA",NWAmes,175500.0
3,2.5,1511,11207,1997,False,2,"Ames, IA",Gilbert,185000.0
4,2.5,2192,8400,1939,False,1,"Ames, IA",SWISU,179500.0
2,1.0,778,6900,1940,False,1,"Ames, IA",IDOTRR,120500.0
3,1.5,1113,7917,1976,False,1,"Ames, IA",Edwards,148000.0
3,2.5,1939,10728,2006,False,3,"Ames, IA",Somerst,266000.0
2,1.0,1363,39104,1954,False,2,"Ames, IA",ClearCr,241500.0
4,2.5,2270,11764,1999,False,3,"Ames, IA",NoRidge,290000.0
3,2.0,1632,9600,1958,False,1,"Ames, IA",NAmes,139000.0
2,1.0,816,8314,1982,False,1,"Ames, IA",Mitchel,124500.0
3,2.5,1548,7264,1925,False,2,"Ames, IA",BrkSide,205000.0
3,2.0,1560,9196,2003,False,2,"Ames, IA",Mitchel,201000.0
2,1.0,864,19138,1951,False,2,"Ames, IA",Gilbert,141000.0
3,2.5,2121,14450,2006,False,3,"Ames, IA",NridgHt,415298.0
4,2.5,2022,10005,1977,False,2,"Ames, IA",ClearCr,192000.0
3,2.5,1982,11287,1989,False,2,"Ames, IA",SawyerW,228500.0
2,2.0,1262,7200,2006,False,2,"Ames, IA",Somerst,185000.0
2,2.0,1314,5063,2007,False,2,"Ames, IA",NridgHt,207500.0
3,2.0,1468,9612,2008,False,3,"Ames, IA",Somerst,244600.0
2,2.0,1575,8012,1992,False,2,"Ames, IA",SawyerW,179200.0
2,2.5,1250,4251,2006,False,2,"Ames, IA",Somerst,164700.0
3,1.5,1734,9786,1962,False,2,"Ames, IA",NAmes,159000.0
3,1.0,858,8125,1971,False,0,"Ames, IA",NAmes,88000.0
3,1.0,900,9819,1967,False,1,"Ames, IA",Sawyer,122000.0
3,1.0,1396,8730,1915,False,1,"Ames, IA",BrkSide,153575.0
3,2.5,1919,15611,2006,False,2,"Ames, IA",CollgCr,233230.0
6,2.0,1716,5687,1912,False,0,"Ames, IA",SWISU,135900.0
3,1.5,1716,11409,1949,False,1,"Ames, IA",Edwards,131000.0
3,2.5,2263,16659,1977,False,2,"Ames, IA",NWAmes,235000.0
3,1.0,1644,9600,1953,False,2,"Ames, IA",NAmes,167000.0
3,1.0,1003,7937,1984,False,2,"Ames, IA",Mitchel,142500.0
4,1.5,1558,13710,1950,False,1,"Ames, IA",IDOTRR,152000.0
3,2.5,1950,7399,1997,False,2,"Ames, IA",Somerst,239000.0
3,2.0,1743,11700,1968,False,2,"Ames, IA",NWAmes,175000.0
3,1.0,1152,14000,1950,False,1,"Ames, IA",Crawfor,158500.0
2,1.0,1336,15750,1953,False,1,"Ames, IA",Crawfor,157000.0
4,2.5,2452,16226,1998,False,2,"Ames, IA",CollgCr,267000.0
3,2.0,1541,13704,2001,False,3,"Ames, IA",CollgCr,205000.0
3,1.0,894,9800,1972,False,2,"Ames, IA",CollgCr,149900.0
3,3.0,3493,18386,1880,False,3,"Ames, IA",OldTown,295000.0
3,2.0,2000,10386,2004,False,3,"Ames, IA",CollgCr,305900.0
4,2.5,2243,13474,1990,False,3,"Ames, IA",SawyerW,225000.0
3,1.0,1406,7920,1920,False,0,"Ames, IA",IDOTRR,89500.0
1,1.0,861,12342,1940,False,2,"Ames, IA",Edwards,82500.0
3,2.0,1944,12378,2003,False,3,"Ames, IA",NridgHt,360000.0
3,2.5,1501,7685,1993,False,2,"Ames, IA",Gilbert,165600.0
2,1.0,972,8000,1948,False,1,"Ames, IA",NAmes,132000.0
3,1.0,1118,7800,1939,False,2,"Ames, IA",OldTown,119900.0
3,2.0,2036,215245,1965,False,2,"Ames, IA",Timber,375000.0
3,1.5,1641,9600,1925,False,2,"Ames, IA",OldTown,178000.0
3,2.5,1432,7795,2004,False,2,"Ames, IA",Gilbert,188500.0
4,2.5,2353,13005,1980,False,2,"Ames, IA",NWAmes,260000.0
3,2.5,1959,9000,2006,False,3,"Ames, IA",Somerst,270000.0
4,2.5,2646,9900,1993,False,3,"Ames, IA",NoRidge,260000.0
3,2.0,1472,14115,1980,False,2,"Ames, IA",NWAmes,187500.0
4,3.5,2596,16259,2006,False,3,"Ames, IA",NridgHt,342643.0
4,2.5,2468,12099,2004,False,3,"Ames, IA",NridgHt,354000.0
4,2.5,2730,10380,1986,False,2,"Ames, IA",SawyerW,301000.0
3,1.0,1163,5820,1955,False,1,"Ames, IA",OldTown,126175.0
5,2.5,2978,11275,1967,False,2,"Ames, IA",NAmes,242000.0
2,1.0,803,5000,1941,False,2,"Ames, IA",IDOTRR,87000.0
1,1.5,1719,10846,1993,False,2,"Ames, IA",Veenker,324000.0
3,1.5,1383,11600,1960,False,1,"Ames, IA",NAmes,145250.0
5,2.0,2134,11888,1916,False,2,"Ames, IA",BrkSide,214500.0
3,1.0,1192,6402,1920,False,1,"Ames, IA",IDOTRR,78000.0
6,2.0,1728,10624,1964,False,1,"Ames, IA",NAmes,119000.0
3,1.0,1056,8176,1958,False,1,"Ames, IA",NAmes,139000.0
3,2.0,1629,10655,2003,False,3,"Ames, IA",NridgHt,284000.0
2,2.0,1358,8198,2004,False,2,"Ames, IA",NridgHt,207000.0
3,2.5,1638,9042,1998,False,2,"Ames, IA",Gilbert,192000.0
3,2.0,1786,164660,1965,False,2,"Ames, IA",Timber,228950.0
3,2.0,1922,14157,2005,False,3,"Ames, IA",StoneBr,377426.0
3,2.0,1536,9135,2002,False,2,"Ames, IA",CollgCr,214000.0
3,2.0,1621,14145,1984,False,2,"Ames, IA",NWAmes,202500.0
3,1.0,1215,12400,1958,False,1,"Ames, IA",NAmes,155000.0
4,2.5,1908,14191,2002,False,2,"Ames, IA",Timber,202900.0
2,1.0,841,8400,1950,False,1,"Ames, IA",SawyerW,82000.0
2,2.0,1040,8544,1949,False,2,"Ames, IA",NAmes,87500.0
2,2.0,1684,8849,2005,False,2,"Ames, IA",NridgHt,266000.0
3,1.5,1112,2592,1976,False,1,"Ames, IA",MeadowV,85000.0
3,1.0,1577,6435,1939,False,1,"Ames, IA",BrkSide,140200.0
2,1.0,958,12772,1960,False,1,"Ames, IA",NAmes,151500.0
3,2.0,1478,17600,1960,False,2,"Ames, IA",NAmes,157500.0
2,2.5,1626,2448,2003,False,2,"Ames, IA",NridgHt,154000.0
4,2.5,2728,20431,2005,False,3,"Ames, IA",NridgHt,437154.0
2,2.0,1869,7820,2007,False,2,"Ames, IA",NridgHt,318061.0
2,1.5,1453,5271,1986,False,2,"Ames, IA",ClearCr,190000.0
3,1.0,1111,9084,1941,False,1,"Ames, IA",Edwards,95000.0
2,1.0,720,8520,1928,False,2,"Ames, IA",OldTown,105900.0
2,1.0,1595,8400,1940,False,1,"Ames, IA",SWISU,140000.0
3,2.0,1200,11249,1995,False,2,"Ames, IA",CollgCr,177500.0
3,2.0,1167,9248,1992,False,2,"Ames, IA",Gilbert,173000.0
3,1.5,1142,4224,1976,False,2,"Ames, IA",MeadowV,134000.0
3,1.0,1352,6930,1958,False,1,"Ames, IA",ClearCr,130000.0
3,2.5,1924,12011,1998,False,2,"Ames, IA",NoRidge,280000.0
2,1.0,912,7540,1978,False,2,"Ames, IA",Mitchel,156000.0
3,1.0,1505,9144,1940,False,1,"Ames, IA",BrkSide,145000.0
4,3.0,1922,7301,2003,False,2,"Ames, IA",Edwards,198500.0
2,1.5,987,1680,1972,False,1,"Ames, IA",BrDale,118000.0
3,2.5,1574,18800,1976,False,2,"Ames, IA",NWAmes,190000.0
3,1.0,1344,10690,1920,False,1,"Ames, IA",IDOTRR,147000.0
3,1.5,1394,9500,1963,False,2,"Ames, IA",NAmes,159000.0
3,1.0,1431,9150,1962,False,1,"Ames, IA",NAmes,165000.0
2,1.0,1268,7800,1954,False,1,"Ames, IA",NAmes,132000.0
3,1.0,1287,9830,1959,False,2,"Ames, IA",NAmes,162000.0
3,2.5,1664,8121,2000,False,2,"Ames, IA",Gilbert,172400.0
4,2.0,1588,17120,1959,False,2,"Ames, IA",ClearCr,134432.0
2,1.0,752,7175,1984,False,1,"Ames, IA",SawyerW,125000.0
3,1.0,1319,10634,1953,False,1,"Ames, IA",NAmes,123000.0
4,2.5,1928,8200,2003,False,2,"Ames, IA",CollgCr,219500.0
1,0.5,904,10020,1922,False,0,"Ames, IA",Edwards,61000.0
2,1.0,914,8846,1996,False,2,"Ames, IA",CollgCr,148000.0
4,3.0,2466,11143,2004,False,2,"Ames, IA",Somerst,340000.0
1,1.5,1856,11394,2010,False,3,"Ames, IA",StoneBr,394432.0
3,2.5,1800,8123,2000,False,2,"Ames, IA",Gilbert,179000.0
3,2.0,1691,5000,1924,False,1,"Ames, IA",SWISU,127000.0
2,2.0,1301,7200,2006,False,2,"Ames, IA",Somerst,187750.0
3,2.5,1797,9245,2006,False,2,"Ames, IA",CollgCr,213500.0
2,1.0,784,9000,1928,False,2,"Ames, IA",SawyerW,76000.0
3,2.5,1953,53107,1992,False,2,"Ames, IA",ClearCr,240000.0
2,2.0,1269,3182,2004,False,2,"Ames, IA",Blmngtn,192000.0
5,1.0,1184,8410,1910,False,0,"Ames, IA",Edwards,81000.0
3,1.0,1125,7200,1976,False,1,"Ames, IA",Edwards,125000.0
3,2.0,1479,9382,1999,False,2,"Ames, IA",CollgCr,191000.0
3,2.5,2332,12474,2007,False,3,"Ames, IA",NridgHt,426000.0
4,1.0,1367,8405,1900,False,1,"Ames, IA",Edwards,119000.0
3,2.5,1961,12209,2001,False,2,"Ames, IA",Mitchel,215000.0
3,1.0,882,8339,1959,False,1,"Ames, IA",NAmes,106500.0
2,1.0,788,7446,1941,False,0,"Ames, IA",BrkSide,100000.0
2,1.0,1034,10134,1940,False,1,"Ames, IA",OldTown,109000.0
3,1.0,1144,9571,1956,False,1,"Ames, IA",Edwards,129000.0
2,1.0,894,7200,1972,False,2,"Ames, IA",CollgCr,123000.0
4,2.0,1812,7590,1962,False,1,"Ames, IA",NAmes,169500.0
2,1.0,1077,8967,1920,False,1,"Ames, IA",IDOTRR,67000.0
2,2.0,1550,8125,2006,False,2,"Ames, IA",Somerst,241000.0
1,1.5,1288,14963,1996,False,2,"Ames, IA",Veenker,245500.0
3,2.0,1310,8767,2005,False,2,"Ames, IA",CollgCr,164990.0
2,1.0,672,10200,1940,False,1,"Ames, IA",Sawyer,108000.0
4,2.5,2263,12090,1998,False,2,"Ames, IA",NoRidge,258000.0
3,2.5,1572,10364,1995,False,2,"Ames, IA",Gilbert,168000.0
3,2.0,1620,9991,1976,False,2,"Ames, IA",Sawyer,150000.0
3,1.0,1639,10480,1936,False,1,"Ames, IA",SWISU,115000.0
4,2.0,1680,15576,1915,False,1,"Ames, IA",Crawfor,177000.0
3,2.5,2172,14154,2006,False,3,"Ames, IA",NridgHt,280000.0
3,2.5,2078,10800,2007,False,3,"Ames, IA",Somerst,339750.0
3,1.0,1276,9571,1958,False,1,"Ames, IA",Edwards,60000.0
3,1.0,1056,34650,1955,False,2,"Ames, IA",Gilbert,145000.0
2,2.5,1478,4403,2009,False,2,"Ames, IA",Somerst,222000.0
2,1.0,1028,8960,1927,False,2,"Ames, IA",OldTown,115000.0
3,2.5,2097,11228,1993,False,3,"Ames, IA",SawyerW,228000.0
3,2.0,1340,8899,2007,False,2,"Ames, IA",Gilbert,181134.0
3,1.5,1400,7844,1978,False,2,"Ames, IA",Sawyer,149500.0
4,2.5,2624,22420,1918,False,3,"Ames, IA",Crawfor,239000.0
3,1.5,1134,8160,1940,False,1,"Ames, IA",Edwards,126000.0
3,1.0,1056,8450,1968,False,1,"Ames, IA",NAmes,142000.0
2,2.0,1344,7060,1997,False,4,"Ames, IA",Mitchel,206300.0
3,2.0,1602,16635,1977,False,2,"Ames, IA",NWAmes,215000.0
2,1.0,988,21750,1954,False,2,"Ames, IA",Mitchel,113000.0
4,2.5,2630,9200,1998,False,3,"Ames, IA",NoRidge,315000.0
2,1.0,1196,9000,1956,False,1,"Ames, IA",NAmes,139000.0
3,1.5,1389,3378,1946,False,1,"Ames, IA",OldTown,135000.0
2,2.0,1644,12800,1989,False,2,"Ames, IA",SawyerW,275000.0
3,1.0,907,8593,1957,False,1,"Ames, IA",NAmes,109008.0
2,2.0,1208,6762,2007,False,2,"Ames, IA",CollgCr,195400.0
3,2.0,1412,11457,1988,False,2,"Ames, IA",Timber,175000.0
2,1.5,987,1680,1971,False,1,"Ames, IA",BrDale,85400.0
4,1.0,1198,5586,1920,False,0,"Ames, IA",OldTown,79900.0
2,1.5,1365,1920,1971,False,2,"Ames, IA",BrDale,122500.0
3,2.5,1604,10839,1997,False,2,"Ames, IA",Gilbert,181000.0
1,1.0,630,1890,1972,False,0,"Ames, IA",MeadowV,81000.0
3,2.5,1661,10667,1996,False,2,"Ames, IA",CollgCr,212000.0
2,1.0,1118,4400,1920,False,2,"Ames, IA",OldTown,116000.0
2,1.0,904,6000,1926,False,1,"Ames, IA",BrkSide,119000.0
2,1.0,694,4280,1913,False,1,"Ames, IA",Crawfor,90350.0
3,1.0,1196,12354,1920,False,2,"Ames, IA",Edwards,110000.0
2,2.0,2402,15431,2008,False,3,"Ames, IA",NridgHt,555000.0
4,2.0,1440,12108,1955,False,0,"Ames, IA",Edwards,118000.0
3,2.0,1573,6240,1930,False,2,"Ames, IA",BrkSide,162900.0
2,2.0,1258,3922,2006,False,3,"Ames, IA",Blmngtn,172500.0
4,2.5,1908,8750,1994,False,2,"Ames, IA",CollgCr,210000.0
3,1.0,1689,9855,1956,False,2,"Ames, IA",Edwards,127500.0
2,2.5,1888,16492,1966,False,2,"Ames, IA",NAmes,190000.0
4,2.5,1886,11214,1998,False,2,"Ames, IA",Gilbert,199900.0
3,2.0,1376,8600,1937,False,1,"Ames, IA",IDOTRR,119500.0
2,1.5,1183,6000,1948,False,1,"Ames, IA",OldTown,120000.0
2,1.0,813,5684,1930,False,1,"Ames, IA",OldTown,110000.0
2,2.0,1533,70761,1975,False,2,"Ames, IA",ClearCr,280000.0
3,2.5,1756,9303,1996,False,2,"Ames, IA",Timber,204000.0
3,2.5,1590,9000,2008,False,2,"Ames, IA",Somerst,210000.0
4,2.0,1728,9297,1976,False,2,"Ames, IA",Mitchel,188000.0
3,1.5,1242,9600,1973,False,2,"Ames, IA",NWAmes,175500.0
4,1.0,1344,4571,1916,False,3,"Ames, IA",OldTown,98000.0
2,1.0,1663,53227,1954,False,2,"Ames, IA",ClearCr,256000.0
3,1.0,1666,5100,1925,False,1,"Ames, IA",OldTown,161000.0
3,1.0,1203,7015,1950,False,1,"Ames, IA",BrkSide,110000.0
3,2.5,1935,8004,2009,False,2,"Ames, IA",Somerst,263435.0
3,1.0,1135,7200,1936,False,2,"Ames, IA",SWISU,155000.0
3,1.0,864,8281,1965,False,1,"Ames, IA",Sawyer,62383.0
3,1.5,1660,11988,1934,False,1,"Ames, IA",Crawfor,188700.0
3,2.0,1040,8430,1978,False,0,"Ames, IA",CollgCr,124000.0
2,2.0,1414,3072,2004,False,2,"Ames, IA",Blmngtn,178740.0
2,1.0,1277,10628,1970,False,2,"Ames, IA",NAmes,167000.0
3,1.5,1644,9480,1942,False,1,"Ames, IA",NAmes,146500.0
3,2.0,1634,11428,2006,False,3,"Ames, IA",NridgHt,250000.0
3,2.5,1710,9291,1993,False,2,"Ames, IA",SawyerW,187000.0
1,1.5,1502,6820,1985,False,2,"Ames, IA",StoneBr,212000.0
3,2.5,1969,11952,1977,False,2,"Ames, IA",NWAmes,190000.0
2,1.0,1072,3675,2005,False,2,"Ames, IA",Edwards,148000.0
2,2.0,1976,14977,2006,False,3,"Ames, IA",NridgHt,440000.0
2,2.0,1652,5330,2000,False,2,"Ames, IA",StoneBr,251000.0
2,1.0,970,8480,1963,False,2,"Ames, IA",Sawyer,132500.0
3,2.0,1493,13125,1997,False,2,"Ames, IA",CollgCr,208900.0
3,2.5,2643,13693,2006,False,3,"Ames, IA",NridgHt,380000.0
3,2.0,1718,10637,2007,False,3,"Ames, IA",CollgCr,297000.0
2,1.0,1131,5925,1937,False,2,"Ames, IA",OldTown,89471.0
3,2.0,1850,16033,2004,False,3,"Ames, IA",NridgHt,326000.0
2,2.0,1792,11846,2003,False,3,"Ames, IA",NridgHt,374000.0
4,1.5,1826,2500,1915,False,1,"Ames, IA",OldTown,155000.0
2,2.0,1216,4500,1998,False,2,"Ames, IA",Mitchel,164000.0
3,1.0,999,7758,1962,False,1,"Ames, IA",Sawyer,132500.0
3,1.0,1113,9600,1950,False,1,"Ames, IA",NAmes,147000.0
3,1.5,1073,10289,1965,False,2,"Ames, IA",NAmes,156000.0
3,2.0,1484,12243,1971,False,2,"Ames, IA",NWAmes,175000.0
3,2.0,2414,10800,1900,False,2,"Ames, IA",OldTown,160000.0
1,1.0,630,1526,1970,False,1,"Ames, IA",MeadowV,86000.0
3,1.5,1304,2665,1976,False,1,"Ames, IA",MeadowV,115000.0
3,1.0,1578,9490,1941,False,1,"Ames, IA",NAmes,133000.0
3,2.5,1456,15578,2006,False,2,"Ames, IA",Gilbert,172785.0
3,1.5,1269,7931,1960,False,1,"Ames, IA",NAmes,155000.0
2,1.0,886,5784,1938,False,1,"Ames, IA",OldTown,91300.0
2,1.0,720,7879,1920,False,0,"Ames, IA",IDOTRR,34900.0
4,3.0,3228,12692,1992,False,2,"Ames, IA",NoRidge,430000.0
4,2.0,1820,9120,1925,False,1,"Ames, IA",BrkSide,184000.0
3,1.0,899,7800,1967,False,1,"Ames, IA",Sawyer,130000.0
2,1.0,912,7535,1958,False,1,"Ames, IA",NAmes,120000.0
3,1.5,1218,1890,1973,False,1,"Ames, IA",BrDale,113000.0
3,2.5,1768,9803,2005,False,2,"Ames, IA",Somerst,226700.0
2,1.0,1214,9170,1965,False,2,"Ames, IA",Edwards,140000.0
1,2.0,1801,15602,1959,False,2,"Ames, IA",Crawfor,289000.0
3,2.5,1322,2308,1974,False,2,"Ames, IA",NPkVill,147000.0
4,2.0,1960,7596,1952,False,2,"Ames, IA",OldTown,124500.0
3,2.5,1911,9554,1993,False,2,"Ames, IA",SawyerW,215000.0
2,2.0,1218,7862,2009,False,2,"Ames, IA",Somerst,208300.0
3,2.0,1378,9600,1928,False,2,"Ames, IA",OldTown,161000.0
3,1.0,1041,9600,1959,False,1,"Ames, IA",NAmes,124500.0
2,1.0,1363,14559,1951,False,1,"Ames, IA",NAmes,164900.0
2,2.0,1368,6792,2005,False,2,"Ames, IA",NridgHt,202665.0
3,1.0,864,9100,1958,False,2,"Ames, IA",NAmes,129900.0
3,1.5,1080,9187,1983,False,2,"Ames, IA",Mitchel,134000.0
2,1.0,789,10594,1926,False,1,"Ames, IA",Crawfor,96500.0
3,2.5,2020,12220,2009,False,3,"Ames, IA",NridgHt,402861.0
3,2.5,2119,10448,1972,False,2,"Ames, IA",NWAmes,158000.0
3,2.5,2344,10208,1996,False,3,"Ames, IA",NoRidge,265000.0
3,2.5,1796,9531,1998,False,2,"Ames, IA",CollgCr,211000.0
3,1.5,2080,10918,1926,False,1,"Ames, IA",Crawfor,234000.0
3,2.0,1294,10800,1900,False,0,"Ames, IA",OldTown,106250.0
3,1.5,1244,11988,1957,False,1,"Ames, IA",NAmes,150000.0
3,2.0,1664,5000,1947,False,2,"Ames, IA",BrkSide,159000.0
3,3.5,4676,40094,2007,False,3,"Ames, IA",Edwards,184750.0
3,2.5,2398,11787,1996,False,3,"Ames, IA",NoRidge,315750.0
3,2.0,1266,7500,2005,False,2,"Ames, IA",Somerst,176000.0
2,1.0,928,13300,1956,False,1,"Ames, IA",NAmes,132000.0
3,2.5,2713,14948,2008,False,3,"Ames, IA",NridgHt,446261.0
2,1.0,605,9098,1920,False,0,"Ames, IA",Edwards,86000.0
4,3.0,2515,32668,1957,False,2,"Ames, IA",Crawfor,200624.0
3,2.0,1509,10200,1988,False,2,"Ames, IA",Timber,175000.0
3,2.0,1362,6155,1920,False,2,"Ames, IA",BrkSide,128000.0
2,1.0,827,7200,1955,False,1,"Ames, IA",NAmes,107500.0
1,1.0,334,5000,1946,False,0,"Ames, IA",BrkSide,39300.0
3,2.5,1414,9056,2004,False,2,"Ames, IA",Gilbert,178000.0
3,1.0,1347,7000,1910,False,0,"Ames, IA",Edwards,107500.0
3,2.5,1724,8924,1998,False,2,"Ames, IA",CollgCr,188000.0
3,1.0,864,12735,1972,False,2,"Ames, IA",NAmes,111250.0
3,1.5,1159,11553,1968,False,1,"Ames, IA",Sawyer,158000.0
3,2.0,1601,11423,2001,False,2,"Ames, IA",CollgCr,272000.0
2,2.0,1838,14601,2006,False,3,"Ames, IA",Timber,315000.0
4,2.5,2285,11000,2000,False,3,"Ames, IA",NoRidge,248000.0
3,2.0,1680,10140,1998,False,2,"Ames, IA",NWAmes,213250.0
1,1.0,767,4058,1998,False,1,"Ames, IA",NAmes,133000.0
3,2.5,1496,17104,2006,False,2,"Ames, IA",Gilbert,179665.0
4,2.5,2183,13837,1988,False,3,"Ames, IA",NWAmes,229000.0
3,1.5,1635,8737,1923,False,2,"Ames, IA",BrkSide,210000.0
2,1.0,768,7244,1970,False,2,"Ames, IA",Mitchel,129500.0
2,1.0,825,8235,1955,False,2,"Ames, IA",OldTown,125000.0
4,2.5,2094,9375,2003,False,2,"Ames, IA",Somerst,263000.0
2,2.0,1069,4043,1977,False,2,"Ames, IA",NPkVill,140000.0
3,1.0,928,6000,1957,False,1,"Ames, IA",OldTown,112500.0
3,2.0,1717,11146,2006,False,3,"Ames, IA",NridgHt,255500.0
2,2.0,1126,8777,1949,False,2,"Ames, IA",Edwards,108000.0
3,2.5,2046,10625,2003,False,3,"Ames, IA",NridgHt,284000.0
2,1.0,1048,6380,1922,False,1,"Ames, IA",BrkSide,113000.0
2,1.0,1092,14850,1957,False,1,"Ames, IA",NAmes,141000.0
3,1.5,1336,11040,1920,False,1,"Ames, IA",IDOTRR,108000.0
3,2.5,1446,21872,1996,False,2,"Ames, IA",Gilbert,175000.0
2,2.0,1557,3196,2003,False,2,"Ames, IA",Blmngtn,234000.0
3,1.5,1392,11341,1957,False,2,"Ames, IA",Sawyer,121500.0
2,1.0,1389,10010,1974,False,2,"Ames, IA",Mitchel,170000.0
3,1.0,996,13907,1940,False,0,"Ames, IA",Edwards,108000.0
4,2.0,1674,21780,1918,False,2,"Ames, IA",Edwards,185000.0
4,2.5,2295,13346,1992,False,2,"Ames, IA",NoRidge,268000.0
4,1.5,1647,6858,1915,False,1,"Ames, IA",SWISU,128000.0
4,2.5,2504,11198,2005,False,3,"Ames, IA",StoneBr,325000.0
3,2.0,1535,10171,2004,False,2,"Ames, IA",NridgHt,214000.0
1,1.5,2132,12327,1983,False,2,"Ames, IA",SawyerW,316600.0
2,1.0,943,7032,1979,False,2,"Ames, IA",NAmes,135960.0
6,2.0,1728,13101,1965,False,2,"Ames, IA",NAmes,142600.0
2,1.0,864,7332,1959,False,1,"Ames, IA",NAmes,120000.0
3,2.5,1692,13159,2009,False,2,"Ames, IA",Timber,224500.0
3,2.5,1430,9967,2000,False,2,"Ames, IA",Gilbert,170000.0
3,1.0,1109,10500,1971,False,1,"Ames, IA",NAmes,139000.0
2,1.0,1216,8480,1947,False,1,"Ames, IA",NAmes,118500.0
3,2.0,1477,6292,1928,False,1,"Ames, IA",SWISU,145000.0
3,1.0,1320,11777,1966,False,2,"Ames, IA",Sawyer,164500.0
2,2.0,1392,3604,2007,False,2,"Ames, IA",Somerst,146000.0
4,2.0,1795,12150,1954,False,1,"Ames, IA",OldTown,131500.0
3,1.0,1429,14585,1960,False,2,"Ames, IA",NAmes,181900.0
3,2.5,2042,12704,2008,False,3,"Ames, IA",NridgHt,253293.0
3,1.0,816,11841,1990,False,0,"Ames, IA",Edwards,118500.0
3,3.5,2775,13500,1893,False,2,"Ames, IA",OldTown,325000.0
3,1.0,1573,6120,1935,False,1,"Ames, IA",BrkSide,133000.0
2,2.0,2028,11443,2005,False,3,"Ames, IA",Timber,369900.0
2,1.0,838,10267,1918,False,1,"Ames, IA",BrkSide,130000.0
2,1.0,860,8740,1982,False,2,"Ames, IA",Sawyer,137000.0
1,1.0,1473,25095,1968,False,1,"Ames, IA",ClearCr,143000.0
2,1.0,935,9100,1930,False,1,"Ames, IA",BrkSide,79500.0
3,2.5,1582,8320,2004,False,2,"Ames, IA",CollgCr,185900.0
3,2.5,2296,13478,2008,False,3,"Ames, IA",NridgHt,451950.0
2,1.0,816,6600,1982,False,2,"Ames, IA",Mitchel,138000.0
1,1.0,848,4435,2003,False,2,"Ames, IA",CollgCr,140000.0
3,1.0,924,7990,1975,False,1,"Ames, IA",CollgCr,110000.0
3,2.0,1826,11302,2005,False,3,"Ames, IA",StoneBr,319000.0
3,1.0,1368,3600,1910,False,1,"Ames, IA",OldTown,114504.0
2,1.0,1402,3922,2006,False,3,"Ames, IA",Blmngtn,194201.0
3,2.0,1647,12984,1977,False,2,"Ames, IA",Crawfor,217500.0
3,2.5,1556,1950,1980,False,2,"Ames, IA",Blueste,151000.0
3,2.5,1904,10927,2005,False,2,"Ames, IA",NridgHt,275000.0
3,1.5,1375,9000,1937,False,1,"Ames, IA",IDOTRR,141000.0
3,2.5,1915,10041,1992,False,2,"Ames, IA",SawyerW,220000.0
2,2.5,1200,3182,2004,False,2,"Ames, IA",Somerst,151000.0
3,2.0,1494,12803,2002,False,2,"Ames, IA",CollgCr,221000.0
3,2.5,1986,13600,1965,False,2,"Ames, IA",NAmes,205000.0
3,1.0,1040,12464,1996,False,2,"Ames, IA",CollgCr,152000.0
3,3.0,2008,7800,1948,False,1,"Ames, IA",Edwards,225000.0
4,2.5,3194,12168,1934,False,2,"Ames, IA",Crawfor,359100.0
3,1.0,1029,7943,1961,False,1,"Ames, IA",Sawyer,118500.0
3,2.5,2153,11050,2000,False,3,"Ames, IA",CollgCr,313000.0
3,2.0,1032,10395,1978,False,2,"Ames, IA",NWAmes,148000.0
3,2.5,1872,11885,2001,False,2,"Ames, IA",CollgCr,261500.0
3,1.0,1120,8402,2007,False,0,"Ames, IA",Mitchel,147000.0
1,1.0,630,1491,1972,False,0,"Ames, IA",MeadowV,75500.0
3,1.0,1054,8800,1963,False,2,"Ames, IA",NAmes,137500.0
3,2.5,1509,7861,2002,False,2,"Ames, IA",Gilbert,183200.0
2,1.0,832,7227,1954,False,2,"Ames, IA",NAmes,105500.0
3,2.0,1828,11694,2007,False,3,"Ames, IA",NridgHt,314813.0
4,2.5,2262,12244,2003,False,3,"Ames, IA",Timber,305000.0
2,1.0,864,8248,1914,False,0,"Ames, IA",Edwards,67000.0
4,2.5,2614,10800,1974,False,2,"Ames, IA",NWAmes,240000.0
3,1.0,980,7064,1977,False,2,"Ames, IA",Sawyer,135000.0
2,2.5,1512,2117,2000,False,2,"Ames, IA",Somerst,168500.0
4,2.0,1790,10400,1972,False,2,"Ames, IA",NWAmes,165150.0
3,1.5,1116,10000,1962,False,2,"Ames, IA",NAmes,160000.0
3,1.0,1422,12342,1960,False,1,"Ames, IA",NAmes,139900.0
3,1.0,1520,9600,1955,False,1,"Ames, IA",NAmes,153000.0
5,2.0,2080,11606,1969,False,2,"Ames, IA",NAmes,135000.0
3,1.5,1350,9020,1964,False,2,"Ames, IA",NAmes,168500.0
3,1.0,1750,9000,1880,False,1,"Ames, IA",OldTown,124000.0
2,2.0,1554,4590,2006,False,2,"Ames, IA",NridgHt,209500.0
3,2.0,1411,11900,1977,False,2,"Ames, IA",NWAmes,82500.0
3,1.0,1056,9250,1954,False,1,"Ames, IA",NAmes,139400.0
0,0.0,1056,6979,1980,False,2,"Ames, IA",OldTown,144000.0
8,2.0,3395,10896,1914,False,0,"Ames, IA",SWISU,200000.0
1,1.0,800,6120,1936,False,0,"Ames, IA",BrkSide,60000.0
3,2.0,1387,6000,1954,False,1,"Ames, IA",OldTown,93000.0
2,1.0,796,8777,1910,False,0,"Ames, IA",Edwards,85000.0
1,2.0,1567,3982,2006,False,3,"Ames, IA",Blmngtn,264561.0
1,1.5,1518,12677,2003,False,2,"Ames, IA",NridgHt,274000.0
3,2.5,1929,7050,2001,False,2,"Ames, IA",Somerst,226000.0
4,2.5,2704,13860,1972,False,2,"Ames, IA",NAmes,345000.0
4,2.5,1620,10793,1969,False,2,"Ames, IA",NWAmes,152000.0
2,2.5,1766,9187,2009,False,3,"Ames, IA",Somerst,370878.0
3,1.5,981,10530,1971,False,2,"Ames, IA",NAmes,143250.0
3,1.0,1048,7200,1950,False,2,"Ames, IA",NAmes,98300.0
3,1.0,1094,10452,1953,False,2,"Ames, IA",Edwards,155000.0
4,1.5,1839,7700,1966,False,2,"Ames, IA",NAmes,155000.0
1,1.0,630,1936,1970,False,0,"Ames, IA",MeadowV,84500.0
3,2.5,1665,8125,2007,False,2,"Ames, IA",Somerst,205950.0
4,1.0,1510,9084,1940,False,1,"Ames, IA",Edwards,108000.0
2,2.5,1716,8750,1996,False,2,"Ames, IA",CollgCr,191000.0
3,1.0,1469,10320,1906,False,1,"Ames, IA",IDOTRR,135000.0
2,2.5,2113,10437,1995,False,3,"Ames, IA",NoRidge,350000.0
3,1.5,1092,1680,1971,False,1,"Ames, IA",BrDale,88000.0
3,1.5,1053,10007,1959,False,1,"Ames, IA",NAmes,145500.0
3,1.5,1502,7200,1931,False,1,"Ames, IA",Crawfor,149000.0
3,1.0,1458,17503,1948,False,1,"Ames, IA",NAmes,97500.0
3,1.0,1486,9937,1964,False,2,"Ames, IA",Edwards,167000.0
3,2.5,1935,12384,1976,False,2,"Ames, IA",NWAmes,197900.0
4,2.5,2448,46589,1994,False,3,"Ames, IA",NoRidge,402000.0
2,1.0,1392,13560,1968,False,2,"Ames, IA",NAmes,110000.0
3,2.0,1181,10012,1972,False,2,"Ames, IA",Edwards,137500.0
1,1.5,2097,20896,2005,False,3,"Ames, IA",Somerst,423000.0
3,2.5,1936,11194,2000,False,2,"Ames, IA",Gilbert,230500.0
3,2.5,2380,18450,1965,False,2,"Ames, IA",NAmes,129000.0
3,2.0,1679,8125,1994,False,2,"Ames, IA",SawyerW,193500.0
3,1.5,1437,14175,1956,False,2,"Ames, IA",Sawyer,168000.0
2,1.0,1180,11600,1922,False,1,"Ames, IA",Crawfor,137500.0
3,2.5,1476,8633,2005,False,2,"Ames, IA",CollgCr,173500.0
3,2.0,1369,6629,1925,False,1,"Ames, IA",Edwards,103600.0
3,1.5,1208,11250,1977,False,2,"Ames, IA",Veenker,165000.0
3,2.0,1839,14442,1957,False,2,"Ames, IA",Crawfor,257500.0
3,1.0,1136,9200,1965,False,1,"Ames, IA",NAmes,140000.0
3,2.5,1441,2289,1978,False,2,"Ames, IA",NPkVill,148500.0
4,2.0,1774,9600,1900,False,3,"Ames, IA",OldTown,87000.0
2,1.0,792,9022,1924,False,1,"Ames, IA",OldTown,109500.0
3,2.5,2046,11844,2008,False,3,"Ames, IA",StoneBr,372500.0
3,1.0,988,9945,1961,False,2,"Ames, IA",Sawyer,128500.0
2,2.0,923,8012,1980,False,1,"Ames, IA",SawyerW,143000.0
3,1.0,1520,4500,1932,False,1,"Ames, IA",SWISU,159434.0
2,1.0,1291,2887,1996,False,2,"Ames, IA",ClearCr,173000.0
3,2.0,1668,11248,2002,False,3,"Ames, IA",CollgCr,285000.0
4,2.5,1839,16770,1998,False,2,"Ames, IA",NoRidge,221000.0
3,2.0,2090,5062,1984,False,2,"Ames, IA",StoneBr,207500.0
3,3.0,1761,10207,2007,False,2,"Ames, IA",Somerst,227875.0
2,2.5,1102,5105,2004,False,2,"Ames, IA",Somerst,148800.0
2,2.0,1419,8089,2007,False,2,"Ames, IA",StoneBr,392000.0
2,2.0,1362,7577,2005,False,2,"Ames, IA",NridgHt,194700.0
1,1.0,848,4426,2004,False,2,"Ames, IA",CollgCr,141000.0
4,3.5,4316,21535,1994,False,3,"Ames, IA",NoRidge,755000.0
4,2.5,2519,26178,1989,False,2,"Ames, IA",Timber,335000.0
2,1.0,1073,5400,1921,False,1,"Ames, IA",OldTown,108480.0
3,1.5,1539,6120,1936,False,2,"Ames, IA",BrkSide,141500.0
2,2.0,1137,13811,1987,False,2,"Ames, IA",Timber,176000.0
2,1.0,616,6000,1921,False,1,"Ames, IA",BrkSide,89000.0
2,1.0,1148,6420,1952,False,1,"Ames, IA",Edwards,123500.0
3,1.0,894,8450,1965,False,1,"Ames, IA",Sawyer,138500.0
2,2.0,1391,4282,2004,False,2,"Ames, IA",Somerst,196000.0
3,2.0,1800,14331,2002,False,3,"Ames, IA",Timber,312500.0
3,1.5,1164,9600,1969,False,2,"Ames, IA",NWAmes,140000.0
4,2.5,2576,12438,2006,False,3,"Ames, IA",StoneBr,361919.0
4,2.0,1812,7630,1900,False,2,"Ames, IA",OldTown,140000.0
3,2.0,1484,8400,2004,False,2,"Ames, IA",CollgCr,213000.0
3,2.0,1092,5600,1930,False,0,"Ames, IA",IDOTRR,55000.0
2,2.0,1824,115149,1971,False,2,"Ames, IA",ClearCr,302000.0
2,2.0,1324,6240,2006,False,2,"Ames, IA",NridgHt,254000.0
3,2.5,1456,9018,2007,False,2,"Ames, IA",Gilbert,179540.0
3,1.0,904,7162,1966,False,1,"Ames, IA",Sawyer,109900.0
2,1.0,729,4130,1935,False,0,"Ames, IA",BrkSide,52000.0
2,1.0,1178,8712,1900,False,1,"Ames, IA",IDOTRR,102776.0
2,2.0,1228,4671,1988,False,2,"Ames, IA",StoneBr,189000.0
3,1.0,960,9873,1970,False,2,"Ames, IA",BrkSide,129000.0
3,2.5,1479,13517,1976,False,2,"Ames, IA",Sawyer,130500.0
3,2.0,1350,10140,1974,False,2,"Ames, IA",NWAmes,165000.0
3,1.5,2554,10800,1890,False,2,"Ames, IA",OldTown,159500.0
3,1.5,1178,10000,1973,False,2,"Ames, IA",NWAmes,157000.0
3,2.5,2418,10542,1993,False,3,"Ames, IA",NoRidge,341000.0
3,1.5,971,9920,1969,False,1,"Ames, IA",CollgCr,128500.0
2,2.0,1742,6563,1985,False,2,"Ames, IA",StoneBr,275000.0
1,1.0,848,4426,2004,False,2,"Ames, IA",CollgCr,143000.0
3,1.0,864,8120,1970,False,2,"Ames, IA",NAmes,124500.0
4,2.0,1470,8172,1954,False,1,"Ames, IA",Edwards,135000.0
3,2.0,1698,13286,2007,False,3,"Ames, IA",Edwards,320000.0
3,1.0,864,6960,1970,False,2,"Ames, IA",NAmes,120500.0
3,2.0,1680,21695,1988,False,2,"Ames, IA",Crawfor,222000.0
2,2.0,1232,7314,2007,False,2,"Ames, IA",CollgCr,194500.0
4,2.0,1776,11475,1958,False,3,"Ames, IA",NAmes,110000.0
2,1.0,1208,6240,1925,False,2,"Ames, IA",IDOTRR,103000.0
2,2.0,1616,5389,1995,False,2,"Ames, IA",StoneBr,236500.0
3,2.0,1146,9590,2003,False,2,"Ames, IA",Timber,187500.0
3,2.5,2031,11404,1998,False,2,"Ames, IA",CollgCr,222500.0
3,1.0,1144,10000,1961,False,1,"Ames, IA",Sawyer,131400.0
3,1.0,948,8978,1968,False,1,"Ames, IA",Sawyer,108000.0
2,1.5,1768,10800,1914,False,2,"Ames, IA",OldTown,163000.0
2,2.0,1040,8544,1950,False,2,"Ames, IA",NAmes,93500.0
3,2.5,1801,10463,2005,False,3,"Ames, IA",Gilbert,239900.0
3,3.0,1200,10800,1987,False,0,"Ames, IA",Edwards,179000.0
3,2.5,1728,9313,2004,False,2,"Ames, IA",CollgCr,190000.0
2,2.0,1432,9600,1910,False,2,"Ames, IA",OldTown,132000.0
3,1.0,912,6768,1961,False,1,"Ames, IA",Sawyer,142000.0
3,2.0,1349,8450,2000,False,2,"Ames, IA",SawyerW,179000.0
3,2.0,1464,12886,1963,False,2,"Ames, IA",Sawyer,175000.0
2,2.0,1337,5395,1993,False,2,"Ames, IA",StoneBr,180000.0
4,3.5,2715,8963,1976,False,2,"Ames, IA",NWAmes,299800.0
4,2.5,2256,8795,2000,False,2,"Ames, IA",Gilbert,236000.0
4,1.5,2640,11700,1880,False,4,"Ames, IA",OldTown,265979.0
3,2.0,1720,10593,1996,False,2,"Ames, IA",NoRidge,260400.0
4,2.0,1529,8405,1945,False,1,"Ames, IA",Edwards,98000.0
3,1.0,1140,8800,1910,False,0,"Ames, IA",OldTown,96500.0
3,2.5,1320,7750,2003,False,2,"Ames, IA",Gilbert,162000.0
3,2.0,1494,9236,1997,False,2,"Ames, IA",CollgCr,217000.0
3,2.5,2098,10240,2005,False,3,"Ames, IA",NridgHt,275500.0
3,1.0,1026,7930,1969,False,2,"Ames, IA",NAmes,156000.0
3,2.5,1471,3230,1999,False,2,"Ames, IA",Somerst,172500.0
3,2.5,1768,10769,2007,False,2,"Ames, IA",CollgCr,212000.0
3,2.5,1386,11616,1978,False,2,"Ames, IA",Sawyer,158900.0
3,2.5,1501,2280,1999,False,2,"Ames, IA",Somerst,179400.0
4,2.5,2531,12257,1995,False,3,"Ames, IA",NoRidge,290000.0
2,1.0,864,9100,1959,False,1,"Ames, IA",NAmes,127500.0
2,1.0,1301,6911,1924,False,2,"Ames, IA",BrkSide,100000.0
3,2.5,1547,8640,2009,False,2,"Ames, IA",Somerst,215200.0
3,2.5,2365,9430,1999,False,3,"Ames, IA",NoRidge,337000.0
2,1.5,1494,9549,1995,False,2,"Ames, IA",Veenker,270000.0
2,2.0,1506,14587,2008,False,2,"Ames, IA",Somerst,264132.0
3,2.5,1714,10421,1988,False,2,"Ames, IA",NWAmes,196500.0
4,2.0,1750,12508,1940,False,1,"Ames, IA",Mitchel,160000.0
3,2.0,1836,9100,2004,False,2,"Ames, IA",CollgCr,216837.0
4,3.5,3279,53504,2003,False,3,"Ames, IA",StoneBr,538000.0
2,1.0,858,7252,1982,False,2,"Ames, IA",Sawyer,134900.0
2,1.0,1220,8877,1951,False,2,"Ames, IA",Edwards,102000.0
3,1.0,1117,7819,1976,False,2,"Ames, IA",Edwards,107000.0
2,1.0,912,10150,1958,False,1,"Ames, IA",NAmes,114500.0
3,2.0,1973,14226,2006,False,3,"Ames, IA",NridgHt,395000.0
2,2.0,1204,4500,1998,False,2,"Ames, IA",Mitchel,162000.0
3,2.0,1614,11210,2005,False,3,"Ames, IA",CollgCr,221500.0
3,1.0,894,13350,1974,False,2,"Ames, IA",Sawyer,142500.0
4,2.0,2020,8400,1977,False,2,"Ames, IA",SawyerW,144000.0
2,1.0,1004,10530,1977,False,2,"Ames, IA",Mitchel,135000.0
3,2.0,1253,7875,1995,False,2,"Ames, IA",Gilbert,176000.0
3,2.5,1603,7153,1992,False,2,"Ames, IA",SawyerW,175900.0
3,2.0,1430,16285,2001,False,2,"Ames, IA",CollgCr,187100.0
1,1.0,1110,9101,1978,False,2,"Ames, IA",Mitchel,165500.0
3,2.0,1484,6300,1914,False,0,"Ames, IA",OldTown,128000.0
3,2.0,1342,9790,1967,False,2,"Ames, IA",NWAmes,161500.0
4,2.0,1652,10800,1915,False,1,"Ames, IA",OldTown,139000.0
4,2.5,2084,10142,2004,False,2,"Ames, IA",SawyerW,233000.0
2,1.0,901,6000,1954,False,1,"Ames, IA",OldTown,107900.0
5,2.5,2087,12205,1966,False,2,"Ames, IA",ClearCr,187500.0
2,2.0,1145,3182,2005,False,2,"Ames, IA",Blmngtn,160200.0
3,1.0,1062,11333,1976,False,2,"Ames, IA",Mitchel,146800.0
3,2.5,2013,9920,1996,False,2,"Ames, IA",NoRidge,269790.0
3,2.0,1496,9158,2007,False,2,"Ames, IA",Somerst,225000.0
3,2.5,1895,10832,1994,False,2,"Ames, IA",Gilbert,194500.0
3,2.5,1564,8400,1980,False,2,"Ames, IA",SawyerW,171000.0
3,1.5,1285,8197,1977,False,2,"Ames, IA",Sawyer,143500.0
2,1.0,773,7677,1953,False,1,"Ames, IA",NAmes,110000.0
4,3.5,3140,13518,2008,False,3,"Ames, IA",NridgHt,485000.0
3,1.5,1768,7200,1937,False,1,"Ames, IA",SWISU,175000.0
4,2.5,1688,12798,1997,False,2,"Ames, IA",ClearCr,200000.0
2,1.0,1196,4800,1916,False,2,"Ames, IA",IDOTRR,109900.0
3,2.5,1456,8199,2005,False,2,"Ames, IA",CollgCr,189000.0
4,3.5,2822,13891,2008,False,3,"Ames, IA",NridgHt,582933.0
2,1.0,1128,9000,1954,False,1,"Ames, IA",NAmes,118000.0
3,2.0,1428,12274,2008,False,2,"Ames, IA",Somerst,227680.0
3,2.0,980,9750,1967,False,1,"Ames, IA",NAmes,135500.0
3,1.5,1576,21384,1923,False,2,"Ames, IA",BrkSide,223500.0
3,1.0,1086,13400,1966,False,2,"Ames, IA",NAmes,159950.0
2,2.0,2138,8100,1898,False,2,"Ames, IA",OldTown,106000.0
3,1.5,1309,10140,1974,True,2,"Ames, IA",NWAmes,181000.0
1,1.0,848,4438,2004,False,2,"Ames, IA",CollgCr,144500.0
2,1.0,1044,8712,1952,False,2,"Ames, IA",IDOTRR,55993.0
4,1.5,1442,9750,1958,False,1,"Ames, IA",NAmes,157900.0
3,1.5,1250,8248,1918,False,1,"Ames, IA",Edwards,116000.0
3,2.0,1661,12137,1998,False,2,"Ames, IA",CollgCr,224900.0
2,1.0,1008,11425,1954,False,1,"Ames, IA",NAmes,137000.0
3,2.0,1689,13265,2002,False,3,"Ames, IA",Mitchel,271000.0
3,1.0,1052,8816,1971,False,2,"Ames, IA",ClearCr,155000.0
2,2.0,1358,6371,2009,False,2,"Ames, IA",NridgHt,224000.0
3,2.5,1640,7226,2003,False,2,"Ames, IA",CollgCr,183000.0
2,1.0,936,6000,1953,False,2,"Ames, IA",OldTown,93000.0
3,2.5,1733,12394,2003,False,2,"Ames, IA",Gilbert,225000.0
3,2.0,1489,9900,1940,False,1,"Ames, IA",SWISU,139500.0
3,2.0,1489,11216,2006,False,2,"Ames, IA",Somerst,232600.0
2,2.0,2084,14803,2007,False,3,"Ames, IA",NridgHt,385000.0
2,1.0,784,6130,1924,False,0,"Ames, IA",BrkSide,109500.0
3,2.0,1434,8529,2001,False,2,"Ames, IA",SawyerW,189000.0
3,2.5,2126,28698,1967,False,2,"Ames, IA",ClearCr,185000.0
2,2.5,1223,2544,2005,False,2,"Ames, IA",Somerst,147400.0
3,1.5,1392,11900,1957,False,2,"Ames, IA",NAmes,166000.0
2,2.5,1200,3180,2005,False,2,"Ames, IA",Somerst,151000.0
3,2.5,1829,9548,2003,False,2,"Ames, IA",CollgCr,237000.0
3,1.5,1516,10004,1964,False,2,"Ames, IA",NAmes,167000.0
3,1.0,1144,7875,1961,False,2,"Ames, IA",NAmes,139950.0
2,2.0,1067,9600,1950,False,2,"Ames, IA",Sawyer,128000.0
2,1.0,1559,8100,1948,False,2,"Ames, IA",OldTown,153500.0
2,1.5,987,1680,1973,False,1,"Ames, IA",BrDale,100000.0
3,1.5,1099,9525,1995,False,1,"Ames, IA",CollgCr,144000.0
3,1.0,1200,11767,1946,False,1,"Ames, IA",Edwards,130500.0
4,2.0,1482,12155,1925,False,1,"Ames, IA",SWISU,140000.0
3,2.0,1539,10440,1904,False,2,"Ames, IA",OldTown,157500.0
3,1.5,1165,9020,1966,False,2,"Ames, IA",NAmes,174900.0
6,2.0,1800,8000,1961,False,0,"Ames, IA",NAmes,141000.0
4,1.5,1416,12665,1915,False,3,"Ames, IA",OldTown,153900.0
3,2.0,1701,16647,1975,False,2,"Ames, IA",Sawyer,171000.0
3,2.5,1775,9317,1993,False,2,"Ames, IA",SawyerW,213000.0
3,1.0,864,15523,1972,False,1,"Ames, IA",CollgCr,133500.0
5,3.0,2358,45600,1908,False,2,"Ames, IA",ClearCr,240000.0
3,2.5,1855,9600,1976,False,2,"Ames, IA",Veenker,187000.0
1,1.0,848,4435,2003,False,2,"Ames, IA",CollgCr,131500.0
2,2.0,1456,3196,2003,False,2,"Ames, IA",Blmngtn,215000.0
4,2.0,1646,7128,1941,False,1,"Ames, IA",Crawfor,164000.0
3,1.5,1445,12095,1964,False,2,"Ames, IA",NAmes,158000.0
3,1.5,1779,17920,1955,False,2,"Ames, IA",Sawyer,170000.0
3,1.5,1040,6897,1962,False,1,"Ames, IA",Sawyer,127000.0
3,1.0,1026,10970,1978,False,2,"Ames, IA",CollgCr,147000.0
3,2.5,1481,8125,1994,False,2,"Ames, IA",Gilbert,174000.0
3,2.0,1370,10400,1976,False,2,"Ames, IA",NWAmes,152000.0
4,2.5,2654,11029,1968,False,2,"Ames, IA",NWAmes,250000.0
3,1.5,1426,7642,1918,False,1,"Ames, IA",Crawfor,189950.0
3,1.5,1039,11625,1965,False,2,"Ames, IA",Sawyer,131500.0
3,2.0,1097,9672,1984,False,2,"Ames, IA",SawyerW,152000.0
3,1.0,1148,7931,1959,False,1,"Ames, IA",NAmes,132500.0
3,2.0,1372,8640,2007,False,2,"Ames, IA",Somerst,250580.0
3,1.0,1002,8750,1970,False,2,"Ames, IA",NAmes,148500.0
3,2.0,1646,10656,2006,False,3,"Ames, IA",Timber,248900.0
3,1.5,1120,6970,1961,False,2,"Ames, IA",Sawyer,129000.0
2,2.0,2320,14762,1948,False,2,"Ames, IA",Gilbert,169000.0
3,2.5,1949,9938,1993,False,2,"Ames, IA",SawyerW,236000.0
2,1.0,894,6600,1962,False,1,"Ames, IA",NAmes,109500.0
3,2.5,1682,8750,1998,False,2,"Ames, IA",CollgCr,200500.0
3,1.0,910,8892,1953,False,2,"Ames, IA",NAmes,116000.0
3,1.0,1268,12144,1949,False,1,"Ames, IA",NAmes,133000.0
3,1.5,1131,5720,1941,False,1,"Ames, IA",OldTown,66500.0
4,2.5,2610,9000,2007,False,2,"Ames, IA",Somerst,303477.0
3,1.0,1040,25286,1963,False,2,"Ames, IA",Mitchel,132250.0
4,2.5,2224,8834,2004,False,3,"Ames, IA",NridgHt,350000.0
3,1.0,1155,11782,1961,False,2,"Ames, IA",Sawyer,148000.0
3,1.0,864,7000,1978,False,1,"Ames, IA",CollgCr,136500.0
2,1.5,1090,7024,2005,False,2,"Ames, IA",Edwards,157000.0
3,2.5,1717,13758,1990,False,2,"Ames, IA",Timber,187500.0
3,2.5,1593,9636,1992,False,2,"Ames, IA",Gilbert,178000.0
5,1.0,2230,6204,1912,False,1,"Ames, IA",SWISU,118500.0
3,1.0,892,7150,1967,False,1,"Ames, IA",NAmes,100000.0
2,2.0,1709,5119,1999,False,2,"Ames, IA",Somerst,328900.0
4,2.0,1712,8393,1959,False,2,"Ames, IA",NAmes,145000.0
3,1.5,1393,16466,1955,False,1,"Ames, IA",Edwards,135500.0
4,2.0,2217,15865,1970,False,2,"Ames, IA",NAmes,268000.0
2,1.0,1505,12160,1953,False,2,"Ames, IA",NAmes,149500.0
3,1.0,924,8064,1949,False,2,"Ames, IA",NAmes,122900.0
3,2.5,1683,11184,1978,False,2,"Ames, IA",Sawyer,172500.0
3,1.0,1068,8414,1963,False,1,"Ames, IA",Sawyer,154500.0
3,1.0,1383,13284,1954,False,1,"Ames, IA",Sawyer,165000.0
4,2.0,1535,7018,1979,False,2,"Ames, IA",SawyerW,118858.0
4,1.5,1796,7056,1963,False,2,"Ames, IA",NAmes,140000.0
2,1.0,951,8765,1936,False,1,"Ames, IA",IDOTRR,106500.0
6,2.0,2240,7018,1979,False,2,"Ames, IA",SawyerW,142953.0
2,2.5,2364,12919,2009,False,3,"Ames, IA",NridgHt,611657.0
3,1.0,1236,6993,1961,False,1,"Ames, IA",Sawyer,135000.0
2,1.0,858,7340,1971,False,1,"Ames, IA",NAmes,110000.0
2,1.0,1306,8712,1957,False,1,"Ames, IA",NAmes,153000.0
3,2.5,1509,7875,2003,False,2,"Ames, IA",Gilbert,180000.0
3,2.0,1670,14859,2006,False,3,"Ames, IA",Gilbert,240000.0
3,1.0,902,6173,1967,False,1,"Ames, IA",Sawyer,125500.0
3,1.0,1063,9920,1954,False,1,"Ames, IA",NAmes,128000.0
3,2.0,1636,13501,2006,False,3,"Ames, IA",Somerst,255000.0
3,1.5,2057,11500,1936,False,1,"Ames, IA",Crawfor,250000.0
2,1.0,902,8885,1983,False,2,"Ames, IA",Mitchel,131000.0
3,2.5,1484,12589,2005,False,2,"Ames, IA",Gilbert,174000.0
5,2.0,2274,11600,1960,False,2,"Ames, IA",NAmes,154300.0
3,1.5,1268,9286,1977,False,1,"Ames, IA",CollgCr,143500.0
3,1.0,1015,6120,1925,False,1,"Ames, IA",BrkSide,88000.0
4,2.0,2002,6270,1949,False,3,"Ames, IA",Crawfor,145000.0
2,2.5,1224,3000,2009,False,2,"Ames, IA",Somerst,173733.0
3,1.5,1092,2001,1970,False,1,"Ames, IA",MeadowV,75000.0
1,0.0,480,9000,1949,False,1,"Ames, IA",IDOTRR,35311.0
3,1.0,1229,17140,1956,False,1,"Ames, IA",Edwards,135000.0
4,2.5,2127,13125,1991,False,3,"Ames, IA",SawyerW,238000.0
3,1.0,1414,11029,1958,False,2,"Ames, IA",NAmes,176500.0
3,2.5,1721,8462,1994,False,2,"Ames, IA",SawyerW,201000.0
4,3.0,2200,8777,1900,False,0,"Ames, IA",Edwards,145900.0
3,2.0,1316,10237,2005,False,2,"Ames, IA",Gilbert,169990.0
2,2.0,1617,8012,1993,False,2,"Ames, IA",SawyerW,193000.0
3,2.0,1686,10240,1980,False,2,"Ames, IA",NWAmes,207500.0
3,2.0,1126,15611,1977,False,2,"Ames, IA",NWAmes,175000.0
4,2.5,2374,11999,2003,False,3,"Ames, IA",NridgHt,285000.0
4,2.5,1978,9900,1968,False,2,"Ames, IA",NWAmes,176000.0
3,2.0,1788,11838,2001,False,2,"Ames, IA",CollgCr,236500.0
4,2.5,2236,13006,1997,False,2,"Ames, IA",Gilbert,222000.0
3,2.0,1466,8925,2007,False,3,"Ames, IA",Timber,201000.0
2,1.0,925,9100,1965,False,1,"Ames, IA",NAmes,117500.0
3,2.0,1905,11670,2006,False,3,"Ames, IA",Somerst,320000.0
3,2.0,1500,8487,2004,False,2,"Ames, IA",CollgCr,190000.0
4,2.0,2069,27650,1960,False,2,"Ames, IA",NAmes,242000.0
1,1.0,747,5825,1926,False,2,"Ames, IA",BrkSide,79900.0
2,2.0,1200,10083,2003,False,2,"Ames, IA",SawyerW,184900.0
3,2.5,1971,9675,2005,False,2,"Ames, IA",Somerst,253000.0
3,2.5,1962,8760,2006,False,3,"Ames, IA",CollgCr,239799.0
4,2.0,2403,24090,1940,False,1,"Ames, IA",ClearCr,244400.0
4,2.0,1728,12640,1976,False,2,"Ames, IA",Mitchel,150900.0
3,2.5,2060,8755,1999,False,2,"Ames, IA",Gilbert,214000.0
4,2.0,1440,7711,1977,False,0,"Ames, IA",Edwards,150000.0
4,2.0,1632,25000,1967,False,2,"Ames, IA",Mitchel,143000.0
3,1.0,1344,14375,1958,False,2,"Ames, IA",Timber,137500.0
2,1.0,1869,8820,1890,False,2,"Ames, IA",OldTown,124900.0
3,1.0,1144,8163,1959,False,1,"Ames, IA",NAmes,143000.0
3,2.0,1629,14536,2002,False,3,"Ames, IA",Timber,270000.0
3,2.5,1776,14006,2002,False,2,"Ames, IA",CollgCr,192500.0
3,1.5,1381,9360,1972,False,2,"Ames, IA",NWAmes,197500.0
3,1.0,864,7200,1950,False,2,"Ames, IA",NAmes,129000.0
3,1.0,965,7800,1965,False,1,"Ames, IA",SawyerW,119900.0
2,1.0,768,7200,1972,False,1,"Ames, IA",CollgCr,133900.0
4,2.5,1968,11075,1969,False,2,"Ames, IA",Mitchel,172000.0
4,2.0,980,9400,1975,False,0,"Ames, IA",Edwards,127500.0
4,2.0,1958,7136,1946,False,2,"Ames, IA",Crawfor,145000.0
2,1.5,1229,1300,1980,False,2,"Ames, IA",Blueste,124000.0
3,1.0,1057,7420,1962,False,2,"Ames, IA",Sawyer,132000.0
3,2.0,1337,8450,2003,False,2,"Ames, IA",CollgCr,185000.0
3,2.5,1416,2572,1999,False,2,"Ames, IA",Somerst,155000.0
2,1.0,858,7207,1958,False,0,"Ames, IA",BrkSide,116500.0
4,2.5,2872,12227,1977,False,2,"Ames, IA",NWAmes,272000.0
3,2.5,1548,2308,1976,False,2,"Ames, IA",NPkVill,155000.0
2,2.0,1800,11923,2007,False,2,"Ames, IA",CollgCr,239000.0
4,2.5,1894,11316,2002,False,2,"Ames, IA",Timber,214900.0
3,2.5,1484,10237,2005,False,2,"Ames, IA",Gilbert,178900.0
2,1.5,1308,9600,1940,False,1,"Ames, IA",Crawfor,160000.0
3,1.0,1098,7390,1955,False,1,"Ames, IA",NAmes,135000.0
2,1.0,968,5925,1910,False,0,"Ames, IA",OldTown,37900.0
2,1.0,1095,10382,1958,False,1,"Ames, IA",NAmes,140000.0
4,1.5,1192,10800,1949,False,0,"Ames, IA",NAmes,135000.0
2,2.0,1626,2268,2003,False,2,"Ames, IA",NridgHt,173000.0
2,2.0,918,7892,1979,False,1,"Ames, IA",SawyerW,99500.0
3,2.0,1428,11639,2007,False,2,"Ames, IA",Somerst,182000.0
3,1.0,2019,11414,1910,False,2,"Ames, IA",BrkSide,167500.0
3,2.5,1382,2651,2000,False,2,"Ames, IA",Somerst,165000.0
2,1.0,869,5900,1923,False,0,"Ames, IA",BrkSide,85500.0
1,1.5,1241,4274,2006,False,2,"Ames, IA",Somerst,199900.0
3,1.0,894,9450,1954,False,2,"Ames, IA",Edwards,110000.0
3,1.0,1121,8816,1963,False,2,"Ames, IA",Sawyer,139000.0
3,1.0,999,12122,1961,False,2,"Ames, IA",NAmes,178400.0
4,2.5,2612,12203,1998,False,3,"Ames, IA",NoRidge,336000.0
2,2.0,1266,3182,2007,False,2,"Ames, IA",Blmngtn,159895.0
4,2.5,2290,11250,2002,False,2,"Ames, IA",CollgCr,255900.0
4,2.0,1734,10125,1977,False,2,"Ames, IA",Mitchel,126000.0
3,1.0,1164,10880,1950,False,1,"Ames, IA",Edwards,125000.0
2,1.0,1635,5310,1910,False,1,"Ames, IA",OldTown,117000.0
3,2.5,1940,10159,2009,False,3,"Ames, IA",NridgHt,395192.0
4,2.5,2030,12046,1976,False,2,"Ames, IA",NWAmes,195000.0
3,2.5,1576,8125,2006,False,2,"Ames, IA",Somerst,197000.0
3,2.5,2392,9452,1997,False,3,"Ames, IA",NoRidge,348000.0
4,1.5,1742,17671,1882,False,2,"Ames, IA",OldTown,168000.0
3,2.5,1851,9760,1964,False,2,"Ames, IA",NAmes,187000.0
3,2.5,1500,8846,2005,False,2,"Ames, IA",CollgCr,173900.0
3,2.0,1718,12456,2006,False,3,"Ames, IA",NridgHt,337500.0
3,1.5,1230,4712,1946,False,1,"Ames, IA",BrkSide,121600.0
3,1.0,1050,10659,1961,False,1,"Ames, IA",NAmes,136500.0
2,2.0,1442,11717,1970,False,2,"Ames, IA",NWAmes,185000.0
3,1.0,1077,9786,1922,False,1,"Ames, IA",IDOTRR,91000.0
2,2.0,1208,6762,2006,False,2,"Ames, IA",CollgCr,206000.0
2,1.0,944,10206,1952,False,2,"Ames, IA",Edwards,82000.0
2,1.0,691,5400,1920,False,1,"Ames, IA",OldTown,86000.0
3,2.0,1574,11957,2006,False,3,"Ames, IA",Somerst,232000.0
4,2.0,1680,11500,1976,False,2,"Ames, IA",NWAmes,136905.0
1,2.0,1504,3182,2005,False,2,"Ames, IA",Blmngtn,181000.0
3,2.0,985,8385,1977,False,1,"Ames, IA",CollgCr,149900.0
3,2.0,1657,12155,1970,False,2,"Ames, IA",NAmes,163500.0
3,1.5,1092,2217,1970,False,1,"Ames, IA",MeadowV,88000.0
3,2.0,1710,12118,2004,False,2,"Ames, IA",Mitchel,240000.0
4,2.0,1522,6000,1926,False,0,"Ames, IA",SWISU,102000.0
4,2.0,1271,21286,1948,False,1,"Ames, IA",Sawyer,135000.0
4,2.0,1664,9825,1965,False,0,"Ames, IA",Edwards,100000.0
3,1.5,1502,10592,1923,False,1,"Ames, IA",Crawfor,165000.0
2,1.0,1022,7200,1910,False,1,"Ames, IA",OldTown,85000.0
2,1.0,1082,11664,1948,False,1,"Ames, IA",NAmes,119200.0
3,2.5,1665,8400,2001,False,2,"Ames, IA",NWAmes,227000.0
3,2.0,1504,11883,1996,False,2,"Ames, IA",CollgCr,203000.0
1,1.0,1360,5814,1984,False,2,"Ames, IA",StoneBr,187500.0
3,2.5,1472,10784,1991,False,2,"Ames, IA",Gilbert,160000.0
2,2.0,1506,3013,2005,False,2,"Ames, IA",Blmngtn,213490.0
2,1.5,1132,7024,2005,False,2,"Ames, IA",Edwards,176000.0
2,2.0,1220,7406,2006,False,2,"Ames, IA",CollgCr,194000.0
2,1.0,1248,9439,1930,False,1,"Ames, IA",OldTown,87000.0
2,2.0,1504,3182,2005,False,2,"Ames, IA",Blmngtn,191000.0
2,2.0,2898,15498,1976,False,2,"Ames, IA",Timber,287000.0
3,1.0,882,7700,1972,False,2,"Ames, IA",CollgCr,112500.0
3,1.0,1264,9300,1960,False,2,"Ames, IA",NAmes,167500.0
3,2.0,1646,9520,2007,False,3,"Ames, IA",Timber,293077.0
3,1.0,1376,9492,1941,False,1,"Ames, IA",NAmes,105000.0
3,1.5,1218,1680,1972,False,1,"Ames, IA",BrDale,118000.0
5,2.0,1928,7082,1916,False,0,"Ames, IA",SWISU,160000.0
5,2.5,3082,15863,1920,False,2,"Ames, IA",SWISU,197000.0
5,2.5,2520,14541,1993,False,3,"Ames, IA",NoRidge,310000.0
3,2.0,1654,8125,2002,False,3,"Ames, IA",CollgCr,230000.0
2,1.0,954,6305,1938,False,1,"Ames, IA",Crawfor,119750.0
3,1.0,845,11500,1957,False,1,"Ames, IA",Edwards,84000.0
2,2.0,1620,12898,2007,False,3,"Ames, IA",Timber,315500.0
3,2.5,2263,9240,2001,False,2,"Ames, IA",CollgCr,287000.0
3,1.5,1344,1533,1970,False,0,"Ames, IA",MeadowV,97000.0
1,1.0,630,1477,1970,False,1,"Ames, IA",MeadowV,80000.0
3,2.0,1803,13125,1957,False,2,"Ames, IA",Sawyer,155000.0
4,1.5,1632,9130,1966,False,2,"Ames, IA",NWAmes,173000.0
1,2.0,1306,5381,2005,False,2,"Ames, IA",NridgHt,196000.0
4,2.5,2329,11839,1990,False,2,"Ames, IA",SawyerW,262280.0
4,2.5,2524,9600,1981,False,2,"Ames, IA",NWAmes,278000.0
4,2.0,1733,13680,1955,False,2,"Ames, IA",Edwards,139600.0
4,3.5,2868,16056,2005,False,3,"Ames, IA",StoneBr,556581.0
3,1.0,990,9245,1994,False,2,"Ames, IA",CollgCr,145000.0
3,1.0,1771,21750,1960,False,2,"Ames, IA",Mitchel,115000.0
2,1.0,930,11100,1946,False,1,"Ames, IA",Edwards,84900.0
3,2.0,1302,8993,2007,False,2,"Ames, IA",Gilbert,176485.0
3,2.0,1316,11175,2007,False,2,"Ames, IA",CollgCr,200141.0
4,1.5,1977,9500,1964,False,2,"Ames, IA",NAmes,165000.0
4,1.0,1526,8562,1957,False,1,"Ames, IA",Edwards,144500.0
3,2.5,1989,11367,2002,False,2,"Ames, IA",CollgCr,255000.0
3,2.0,1523,11361,1976,False,2,"Ames, IA",NWAmes,180000.0
2,2.0,1364,7052,2005,False,2,"Ames, IA",NridgHt,185850.0
3,2.5,1850,29959,1994,False,2,"Ames, IA",NoRidge,248000.0
3,2.5,2184,11308,2008,False,3,"Ames, IA",NridgHt,335000.0
3,1.5,1991,11275,1932,False,2,"Ames, IA",Crawfor,220000.0
2,2.0,1338,4920,2001,False,2,"Ames, IA",StoneBr,213500.0
2,1.0,894,18000,1935,False,3,"Ames, IA",IDOTRR,81000.0
5,2.0,2337,13600,1900,False,2,"Ames, IA",OldTown,90000.0
2,1.0,1103,6000,1925,False,2,"Ames, IA",OldTown,110500.0
3,1.5,1154,11000,1966,False,2,"Ames, IA",NAmes,154000.0
3,2.5,2260,14000,1996,False,2,"Ames, IA",ClearCr,328000.0
3,2.5,1571,7837,1993,False,2,"Ames, IA",Gilbert,178000.0
4,1.5,1611,9760,1964,False,2,"Ames, IA",NAmes,167900.0
5,2.5,2521,3964,1973,False,2,"Ames, IA",MeadowV,151400.0
2,1.0,893,9600,1949,False,2,"Ames, IA",NAmes,135000.0
3,1.0,1048,10152,1956,False,1,"Ames, IA",NAmes,135000.0
4,1.5,1556,11700,1968,False,2,"Ames, IA",NWAmes,154000.0
4,1.0,1456,7585,1948,False,1,"Ames, IA",Edwards,91500.0
3,1.5,1426,7950,1977,False,2,"Ames, IA",Edwards,159500.0
2,2.0,1240,8556,2006,False,3,"Ames, IA",CollgCr,194000.0
3,1.5,1740,13125,1940,False,1,"Ames, IA",Crawfor,219500.0
3,2.0,1466,10800,1936,False,2,"Ames, IA",OldTown,170000.0
3,1.0,1096,15870,1969,False,1,"Ames, IA",NAmes,138800.0
1,1.0,848,4435,2004,False,2,"Ames, IA",CollgCr,155900.0
3,1.0,990,8775,1994,False,1,"Ames, IA",CollgCr,126000.0
3,2.0,1258,11040,1971,False,2,"Ames, IA",NWAmes,145000.0
3,1.5,1040,7500,1963,False,1,"Ames, IA",Sawyer,133000.0
3,2.0,1459,8749,2002,False,2,"Ames, IA",CollgCr,192000.0
3,1.0,1251,8800,1964,False,1,"Ames, IA",NAmes,160000.0
3,2.5,1498,13031,1995,False,2,"Ames, IA",Gilbert,187500.0
2,1.0,996,9069,1992,False,2,"Ames, IA",SawyerW,147000.0
3,1.5,1092,1974,1973,False,1,"Ames, IA",MeadowV,83500.0
3,2.5,1953,10574,2005,False,3,"Ames, IA",Somerst,252000.0
3,2.0,1709,2522,2004,False,2,"Ames, IA",Edwards,137500.0
1,1.5,1247,3316,2005,False,2,"Ames, IA",Somerst,197000.0
2,2.0,1040,8544,1950,False,2,"Ames, IA",NAmes,92900.0
2,2.5,1252,2160,1999,False,2,"Ames, IA",Somerst,160000.0
4,2.0,1694,8400,1925,False,2,"Ames, IA",SWISU,136500.0
1,1.5,1200,9230,1965,False,2,"Ames, IA",NAmes,146000.0
2,1.0,936,5868,1956,False,1,"Ames, IA",NAmes,129000.0
3,2.0,1314,9317,2006,False,2,"Ames, IA",CollgCr,176432.0
3,1.5,1355,6882,1914,False,0,"Ames, IA",IDOTRR,127000.0
2,1.5,1088,3696,1986,False,2,"Ames, IA",StoneBr,170000.0
3,1.0,1324,6000,1936,False,1,"Ames, IA",BrkSide,128000.0
3,2.0,1601,11880,1978,False,2,"Ames, IA",NWAmes,157000.0
1,1.0,438,8400,1920,False,1,"Ames, IA",SWISU,60000.0
3,1.0,950,9758,1971,False,1,"Ames, IA",NAmes,119500.0
2,1.0,1134,7000,1960,False,1,"Ames, IA",NAmes,135000.0
3,1.0,1194,8910,1959,False,2,"Ames, IA",NAmes,159500.0
3,2.5,1302,2016,1970,False,2,"Ames, IA",BrDale,106000.0
3,2.5,2622,12256,1994,False,2,"Ames, IA",NoRidge,325000.0
3,2.0,1442,10357,1990,False,2,"Ames, IA",SawyerW,179900.0
3,2.5,2021,23257,2006,False,2,"Ames, IA",Gilbert,274725.0
3,2.5,1690,8063,2000,False,2,"Ames, IA",Gilbert,181000.0
3,2.0,1836,11362,2004,False,3,"Ames, IA",NridgHt,280000.0
3,2.5,1658,8000,1995,False,2,"Ames, IA",Gilbert,188000.0
4,2.5,1964,10480,1976,False,2,"Ames, IA",NWAmes,205000.0
2,1.0,816,7100,1957,False,1,"Ames, IA",NAmes,129900.0
2,1.0,1008,8923,1953,False,1,"Ames, IA",NAmes,134500.0
2,1.0,833,5400,1954,False,1,"Ames, IA",OldTown,117000.0
3,2.0,1734,12085,2007,False,3,"Ames, IA",NridgHt,318000.0
3,2.5,1419,7750,2002,False,2,"Ames, IA",Gilbert,184100.0
3,1.0,894,9764,1967,False,2,"Ames, IA",Sawyer,130000.0
3,1.0,1601,13825,1958,False,1,"Ames, IA",Sawyer,140000.0
3,1.0,1040,7560,1959,False,1,"Ames, IA",NAmes,133700.0
2,1.0,1012,8263,1920,False,1,"Ames, IA",IDOTRR,118400.0
3,2.0,1552,10084,2005,False,3,"Ames, IA",CollgCr,212900.0
3,1.0,960,8926,1956,False,1,"Ames, IA",Edwards,112000.0
2,1.0,698,9405,1947,False,0,"Ames, IA",Edwards,118000.0
3,2.5,1482,9125,1992,False,2,"Ames, IA",Gilbert,163900.0
2,1.0,1005,10434,1955,False,2,"Ames, IA",NAmes,115000.0
2,2.0,1555,3684,2007,False,3,"Ames, IA",Blmngtn,174000.0
3,2.0,1530,14572,2004,False,3,"Ames, IA",Gilbert,259000.0
4,2.5,1959,11796,2004,False,2,"Ames, IA",Gilbert,215000.0
2,1.0,936,7200,1980,False,2,"Ames, IA",OldTown,140000.0
4,2.0,1981,7804,1928,False,2,"Ames, IA",SWISU,135000.0
3,1.0,974,10712,1991,False,0,"Ames, IA",Mitchel,93500.0
5,2.0,2210,9900,1880,False,1,"Ames, IA",OldTown,117500.0
3,2.5,2020,9828,1995,False,2,"Ames, IA",SawyerW,239500.0
3,2.5,1600,8773,1997,False,2,"Ames, IA",Gilbert,169000.0
2,1.0,986,6180,1926,False,1,"Ames, IA",BrkSide,102000.0
3,1.0,1252,9600,1950,False,1,"Ames, IA",NAmes,119000.0
2,1.0,1020,6342,1875,False,0,"Ames, IA",Sawyer,94000.0
2,2.0,1567,9819,1977,False,2,"Ames, IA",Mitchel,196000.0
3,1.0,1167,8731,1920,False,2,"Ames, IA",BrkSide,144000.0
2,1.0,952,7350,1951,False,2,"Ames, IA",NAmes,139000.0
4,2.5,1868,10304,1976,False,2,"Ames, IA",NWAmes,197500.0
4,3.0,2828,9965,2006,False,3,"Ames, IA",CollgCr,424870.0
3,1.0,1006,9000,1959,False,0,"Ames, IA",Sawyer,80000.0
2,1.0,924,12180,1941,False,1,"Ames, IA",Edwards,80000.0
3,1.0,1576,6240,1928,False,1,"Ames, IA",BrkSide,149000.0
3,2.0,1298,11200,1985,False,2,"Ames, IA",SawyerW,180000.0
3,1.5,1564,12000,1941,False,1,"Ames, IA",Crawfor,174500.0
2,1.0,1111,5700,1926,False,1,"Ames, IA",OldTown,116900.0
3,1.0,1482,9000,1920,False,2,"Ames, IA",OldTown,143000.0
2,1.0,932,8280,1950,False,1,"Ames, IA",NAmes,124000.0
3,1.5,1466,17755,1959,False,2,"Ames, IA",Edwards,149900.0
2,1.0,1811,14115,1956,False,2,"Ames, IA",Crawfor,230000.0
2,1.0,816,5890,1930,False,1,"Ames, IA",IDOTRR,120500.0
4,2.0,1820,13700,1965,False,2,"Ames, IA",NAmes,201800.0
3,2.0,1437,10768,1976,False,2,"Ames, IA",Veenker,218000.0
3,2.0,1265,9350,1965,False,2,"Ames, IA",NAmes,179900.0
2,2.0,1314,5001,2007,False,2,"Ames, IA",NridgHt,230000.0
3,2.0,1580,11932,2007,False,3,"Ames, IA",Somerst,235128.0
4,2.5,1876,9120,1974,False,2,"Ames, IA",NWAmes,185000.0
3,2.5,1456,2280,1978,False,2,"Ames, IA",NPkVill,146000.0
3,1.0,1640,14778,1954,False,2,"Ames, IA",Crawfor,224000.0
3,1.0,894,8724,1968,False,2,"Ames, IA",Sawyer,129000.0
0,1.0,1258,12900,1969,False,2,"Ames, IA",Sawyer,108959.0
2,1.5,1432,16157,1978,False,2,"Ames, IA",Veenker,194000.0
3,2.0,1502,9541,2009,False,2,"Ames, IA",NridgHt,233170.0
3,2.0,1694,10475,2008,False,3,"Ames, IA",CollgCr,245350.0
3,2.5,1671,10852,2000,False,2,"Ames, IA",Gilbert,173000.0
4,2.0,2108,13728,1935,False,2,"Ames, IA",Edwards,235000.0
4,3.5,3627,35760,1995,False,3,"Ames, IA",NoRidge,625000.0
3,1.0,1118,9880,1977,True,1,"Ames, IA",Mitchel,171000.0
3,1.0,1261,9120,1958,False,2,"Ames, IA",NAmes,163000.0
2,2.5,1250,4017,2006,False,2,"Ames, IA",Somerst,171900.0
3,3.0,3086,18030,1946,False,0,"Ames, IA",ClearCr,200500.0
4,2.5,2345,16560,1932,False,2,"Ames, IA",Crawfor,239000.0
4,2.5,2872,10678,1992,False,2,"Ames, IA",NoRidge,285000.0
3,1.0,923,6951,1984,False,1,"Ames, IA",Mitchel,119500.0
3,1.0,1224,3950,1926,False,1,"Ames, IA",OldTown,115000.0
3,1.5,1343,7681,1921,False,1,"Ames, IA",Crawfor,154900.0
3,1.0,1124,8335,1954,False,0,"Ames, IA",Edwards,93000.0
4,2.5,2514,11170,1990,False,2,"Ames, IA",Timber,250000.0
2,2.0,1652,5587,2008,False,2,"Ames, IA",Crawfor,392500.0
4,3.5,4476,15623,1996,True,3,"Ames, IA",NoRidge,745000.0
2,1.0,1130,10800,1920,False,2,"Ames, IA",OldTown,120000.0
3,1.5,1572,35133,1963,False,3,"Ames, IA",Timber,186700.0
4,1.0,1221,9738,1924,False,1,"Ames, IA",Edwards,104900.0
3,2.0,1699,10615,1900,False,2,"Ames, IA",OldTown,95000.0
2,2.0,1624,12461,1994,False,3,"Ames, IA",NoRidge,262000.0
3,2.5,1660,8935,2002,False,2,"Ames, IA",CollgCr,195000.0
3,2.5,1804,7500,1999,False,2,"Ames, IA",Gilbert,189000.0
3,1.0,1622,32463,1961,False,4,"Ames, IA",Mitchel,168000.0
2,2.5,1441,2645,1999,False,2,"Ames, IA",Somerst,174000.0
3,1.0,1472,9600,1925,False,1,"Ames, IA",OldTown,125000.0
2,2.0,1224,4500,1999,False,2,"Ames, IA",Mitchel,165000.0
4,1.5,1352,9364,1969,False,1,"Ames, IA",Sawyer,158000.0
3,2.5,1456,8029,2005,False,2,"Ames, IA",Gilbert,176000.0
4,2.5,1863,14054,2006,False,3,"Ames, IA",Gilbert,219210.0
3,1.0,1690,8850,1916,False,1,"Ames, IA",OldTown,144000.0
3,2.0,1212,9100,2001,False,2,"Ames, IA",CollgCr,178000.0
3,1.5,1382,11235,1963,False,2,"Ames, IA",Sawyer,148000.0
3,1.0,864,9353,1970,False,1,"Ames, IA",NAmes,116050.0
3,2.5,1779,10400,1998,False,2,"Ames, IA",CollgCr,197900.0
3,1.0,1348,6000,1925,False,1,"Ames, IA",BrkSide,117000.0
3,2.0,1630,9750,2000,False,2,"Ames, IA",CollgCr,213000.0
3,1.5,1074,10140,1975,False,2,"Ames, IA",NWAmes,153500.0
3,2.0,2196,14684,1990,False,3,"Ames, IA",SawyerW,271900.0
2,1.0,1056,8900,1966,False,1,"Ames, IA",SawyerW,107000.0
3,2.0,1700,9135,2003,False,2,"Ames, IA",CollgCr,200000.0
3,1.0,1283,7763,1962,False,2,"Ames, IA",NAmes,140000.0
3,2.0,1660,10182,2006,False,2,"Ames, IA",Somerst,290000.0
3,2.5,1845,11218,1992,False,2,"Ames, IA",SawyerW,189000.0
4,2.0,1752,12134,1988,False,2,"Ames, IA",Gilbert,164000.0
2,1.0,672,9340,1941,False,1,"Ames, IA",Edwards,113000.0
0,0.0,960,10246,1965,False,1,"Ames, IA",Sawyer,145000.0
3,1.0,999,10205,1962,False,1,"Ames, IA",NAmes,134500.0
3,1.0,894,7094,1966,False,1,"Ames, IA",Sawyer,125000.0
4,2.0,1902,8930,1978,False,2,"Ames, IA",Sawyer,112000.0
3,2.0,1314,8640,2009,False,2,"Ames, IA",Somerst,229456.0
2,1.0,912,6240,1947,False,0,"Ames, IA",BrkSide,80500.0
3,1.5,1218,1680,1971,False,0,"Ames, IA",BrDale,91500.0
2,1.0,912,7800,1964,False,1,"Ames, IA",NAmes,115000.0
3,1.0,1211,8250,1968,False,1,"Ames, IA",Sawyer,134000.0
3,2.0,1846,10496,1949,False,1,"Ames, IA",NAmes,143000.0
4,2.0,2136,10680,1951,False,2,"Ames, IA",NAmes,137900.0
3,2.5,1490,15384,2004,False,2,"Ames, IA",Gilbert,184000.0
3,1.0,1138,10482,1958,False,1,"Ames, IA",NAmes,145000.0
4,2.5,1933,14598,2007,False,3,"Ames, IA",Somerst,214000.0
2,1.0,912,8872,1965,False,2,"Ames, IA",NAmes,147000.0
1,1.5,1702,8769,2008,False,3,"Ames, IA",NridgHt,367294.0
4,2.0,1507,7910,1960,False,1,"Ames, IA",NAmes,127000.0
4,3.0,2620,18890,1977,False,2,"Ames, IA",Sawyer,190000.0
3,1.0,1190,7728,1962,False,2,"Ames, IA",NAmes,132500.0
2,2.0,1224,9842,1962,False,2,"Ames, IA",NAmes,101800.0
3,1.0,1188,12160,1959,False,2,"Ames, IA",NAmes,142000.0
4,1.5,1964,8525,1911,False,0,"Ames, IA",SWISU,130000.0
4,1.5,1784,13132,1914,False,1,"Ames, IA",Crawfor,138887.0
2,2.5,1626,2628,2003,False,2,"Ames, IA",NridgHt,175500.0
4,2.5,1948,12393,2004,False,2,"Ames, IA",CollgCr,195000.0
3,1.5,1141,13072,2005,False,2,"Ames, IA",SawyerW,142500.0
2,2.0,1484,9037,2006,False,2,"Ames, IA",Timber,265900.0
3,2.5,1768,8158,2003,False,2,"Ames, IA",CollgCr,224900.0
3,2.0,1689,9849,2007,False,3,"Ames, IA",Somerst,248328.0
3,2.0,1173,10625,1974,False,2,"Ames, IA",NWAmes,170000.0
2,2.5,2076,13891,2006,False,3,"Ames, IA",NridgHt,465000.0
3,1.0,1517,11435,1929,False,2,"Ames, IA",Crawfor,230000.0
3,3.5,1868,12090,1984,False,2,"Ames, IA",NWAmes,178000.0
3,2.5,1553,8125,2005,False,2,"Ames, IA",Somerst,186500.0
3,1.0,1034,12328,1976,False,3,"Ames, IA",Mitchel,169900.0
3,1.5,2058,9600,1917,False,2,"Ames, IA",OldTown,129500.0
3,1.0,988,7200,1950,False,1,"Ames, IA",NAmes,119000.0
3,2.5,2110,11160,1968,False,2,"Ames, IA",NAmes,244000.0
2,2.0,1405,3136,2003,False,2,"Ames, IA",NridgHt,171750.0
3,1.0,874,9858,1968,False,1,"Ames, IA",Mitchel,130000.0
3,2.5,2167,17542,1974,False,2,"Ames, IA",Veenker,294000.0
3,2.5,1656,6931,2003,False,2,"Ames, IA",Edwards,165400.0
3,1.0,1367,6240,1931,False,1,"Ames, IA",BrkSide,127500.0
2,2.0,1987,14303,1994,False,2,"Ames, IA",NoRidge,301500.0
2,1.0,864,4060,1922,False,0,"Ames, IA",Edwards,99900.0
2,2.0,1166,9587,2005,False,2,"Ames, IA",Gilbert,190000.0
3,1.5,1054,9750,1969,False,2,"Ames, IA",NAmes,151000.0
3,2.5,1675,24682,1999,False,2,"Ames, IA",Gilbert,181000.0
2,1.0,1050,9600,1956,False,1,"Ames, IA",NAmes,128900.0
5,1.0,1788,11250,1957,False,1,"Ames, IA",ClearCr,161500.0
3,1.0,1824,13515,1919,False,2,"Ames, IA",BrkSide,180500.0
2,2.0,1337,4060,1998,False,2,"Ames, IA",NAmes,181000.0
3,2.5,1452,3735,1999,False,2,"Ames, IA",Somerst,183900.0
4,1.5,1889,10120,1910,False,1,"Ames, IA",OldTown,122000.0
3,2.0,2018,13214,2008,False,3,"Ames, IA",Timber,378500.0
4,3.5,3447,14100,1935,False,3,"Ames, IA",Crawfor,381000.0
3,1.5,1524,11344,1958,False,1,"Ames, IA",NAmes,144000.0
0,0.5,1524,23595,1979,False,2,"Ames, IA",ClearCr,260000.0
3,2.0,1489,9156,1968,False,2,"Ames, IA",NWAmes,185750.0
3,1.0,935,13526,1965,False,1,"Ames, IA",Sawyer,137000.0
2,1.0,1357,11512,1959,False,1,"Ames, IA",Edwards,177000.0
3,2.0,1250,5362,1910,False,2,"Ames, IA",Crawfor,139000.0
4,2.0,1920,11345,1948,False,2,"Ames, IA",NAmes,137000.0
3,1.5,1395,12936,1972,False,2,"Ames, IA",NWAmes,162000.0
3,1.5,1724,17871,1967,False,2,"Ames, IA",NWAmes,197900.0
3,2.5,2031,9473,2002,False,2,"Ames, IA",CollgCr,237000.0
2,1.0,1128,7500,1920,False,2,"Ames, IA",IDOTRR,68400.0
3,2.0,1573,9808,2002,False,2,"Ames, IA",CollgCr,227000.0
2,2.0,1339,8049,1990,False,2,"Ames, IA",Timber,180000.0
3,2.0,1040,8800,1977,False,2,"Ames, IA",CollgCr,150500.0
4,3.0,1824,9400,1971,False,0,"Ames, IA",Mitchel,139000.0
4,2.0,2447,9638,1919,False,1,"Ames, IA",SWISU,169000.0
4,1.0,1412,6000,1939,False,1,"Ames, IA",BrkSide,132500.0
3,1.5,1328,9790,1963,False,2,"Ames, IA",NWAmes,143000.0
4,2.0,1582,36500,1964,False,2,"Ames, IA",ClearCr,190000.0
2,2.0,1659,5664,2000,False,2,"Ames, IA",StoneBr,278000.0
3,2.5,1970,11065,2006,False,3,"Ames, IA",NridgHt,281000.0
3,1.0,1152,14112,1964,False,2,"Ames, IA",NAmes,180500.0
3,2.5,1302,1680,1972,False,1,"Ames, IA",BrDale,119500.0
4,2.0,2372,6600,1892,False,1,"Ames, IA",OldTown,107500.0
4,2.5,1664,10140,1976,False,2,"Ames, IA",NWAmes,162900.0
2,1.0,864,8172,1955,False,2,"Ames, IA",Edwards,115000.0
3,1.5,1052,8400,1968,False,1,"Ames, IA",NAmes,138500.0
3,2.0,1128,8700,1963,False,2,"Ames, IA",NAmes,155000.0
2,2.0,1072,3675,2005,False,2,"Ames, IA",Edwards,140000.0
3,2.5,5642,63887,2008,True,2,"Ames, IA",Edwards,160000.0
3,1.5,1246,7500,1959,False,1,"Ames, IA",NAmes,154000.0
3,2.5,1983,10762,1999,False,2,"Ames, IA",Gilbert,225000.0
3,1.0,1494,7500,1942,False,1,"Ames, IA",Crawfor,177500.0
4,2.5,2526,10120,1994,False,3,"Ames, IA",NoRidge,290000.0
3,2.0,1616,8688,2005,False,3,"Ames, IA",Somerst,232000.0
3,2.0,1708,3363,2004,False,2,"Ames, IA",Edwards,130000.0
2,2.0,1652,13173,2006,False,2,"Ames, IA",NridgHt,325000.0
2,2.0,1368,6955,2005,False,2,"Ames, IA",NridgHt,202500.0
3,1.0,990,8072,1994,False,2,"Ames, IA",CollgCr,138000.0
2,1.0,1122,12000,1948,False,2,"Ames, IA",OldTown,147000.0
3,2.0,1294,7153,1991,False,2,"Ames, IA",SawyerW,179200.0
3,2.0,1902,17500,1959,False,2,"Ames, IA",Crawfor,335000.0
3,2.0,1274,8814,2005,False,2,"Ames, IA",CollgCr,203000.0
4,2.5,2810,9572,1990,False,2,"Ames, IA",NoRidge,302000.0
4,2.5,2599,14774,1999,False,3,"Ames, IA",NoRidge,333168.0
3,1.0,948,8190,1954,False,1,"Ames, IA",Edwards,119000.0
4,2.5,2112,11075,1969,False,2,"Ames, IA",NAmes,206900.0
3,2.0,1630,10226,2008,False,3,"Ames, IA",CollgCr,295493.0
2,2.0,1352,4230,2006,False,2,"Ames, IA",Somerst,208900.0
3,2.0,1787,14781,2001,False,3,"Ames, IA",CollgCr,275000.0
3,1.0,948,10215,1954,False,1,"Ames, IA",Edwards,111000.0
3,1.5,1478,8400,1957,False,2,"Ames, IA",NAmes,156500.0
2,1.0,720,6627,1949,False,1,"Ames, IA",BrkSide,72500.0
3,2.5,1923,10186,1992,False,2,"Ames, IA",NoRidge,190000.0
2,1.0,708,5330,1940,False,0,"Ames, IA",BrkSide,82500.0
2,2.0,1795,9986,2006,False,3,"Ames, IA",Somerst,147000.0
2,1.0,796,3636,1922,False,0,"Ames, IA",IDOTRR,55000.0
3,1.0,774,4270,1931,False,0,"Ames, IA",Edwards,79000.0
3,1.0,816,6600,1982,False,1,"Ames, IA",Mitchel,130500.0
5,2.0,2792,10440,1920,False,2,"Ames, IA",OldTown,256000.0
3,2.5,1632,9084,1998,False,2,"Ames, IA",Gilbert,176500.0
3,2.0,1588,10000,2006,False,3,"Ames, IA",Somerst,227000.0
3,1.0,954,10780,1976,False,2,"Ames, IA",CollgCr,132500.0
2,1.0,816,8877,1938,False,1,"Ames, IA",Edwards,100000.0
2,1.5,1360,7200,1938,False,1,"Ames, IA",IDOTRR,125500.0
3,1.5,1365,2368,1970,False,2,"Ames, IA",BrDale,125000.0
2,2.0,1334,9650,1977,False,2,"Ames, IA",NWAmes,167900.0
4,2.0,1656,9246,1973,False,2,"Ames, IA",NWAmes,135000.0
2,1.0,693,4118,1941,False,0,"Ames, IA",OldTown,52500.0
3,2.5,1861,13450,2002,False,2,"Ames, IA",CollgCr,200000.0
3,1.0,864,9560,1972,False,1,"Ames, IA",CollgCr,128500.0
3,1.0,872,8294,1971,False,4,"Ames, IA",NAmes,123000.0
3,1.0,1114,13695,2003,False,2,"Ames, IA",SawyerW,155000.0
3,2.5,2169,9375,2002,False,2,"Ames, IA",CollgCr,228500.0
3,1.5,1913,7558,1928,False,2,"Ames, IA",Crawfor,177000.0
3,2.5,1456,11103,2006,False,2,"Ames, IA",CollgCr,155835.0
2,1.0,960,6000,1920,False,1,"Ames, IA",OldTown,108500.0
3,2.0,2156,20781,1968,False,2,"Ames, IA",NWAmes,262500.0
3,2.0,1776,15306,2006,False,3,"Ames, IA",Timber,283463.0
3,2.0,1494,16196,1998,False,2,"Ames, IA",SawyerW,215000.0
4,2.0,2358,5250,1872,False,0,"Ames, IA",OldTown,122000.0
6,3.0,2634,11643,1969,False,4,"Ames, IA",NAmes,200000.0
4,1.5,1716,9247,1962,False,2,"Ames, IA",NAmes,171000.0
2,1.0,1176,6000,1937,False,2,"Ames, IA",BrkSide,134900.0
4,2.5,3238,14720,1995,False,3,"Ames, IA",NoRidge,410000.0
3,2.5,1865,10316,2000,False,3,"Ames, IA",CollgCr,235000.0
4,3.0,1920,10192,1968,False,2,"Ames, IA",NWAmes,170000.0
3,1.0,892,9477,1966,False,1,"Ames, IA",NAmes,110000.0
3,1.5,1078,12537,1971,False,2,"Ames, IA",NAmes,149900.0
3,2.5,1573,2117,2000,False,2,"Ames, IA",Somerst,177500.0
3,2.0,1980,16737,2004,False,3,"Ames, IA",NridgHt,315000.0
4,3.5,2601,9842,1921,False,2,"Ames, IA",SWISU,189000.0
3,2.0,1530,16158,2005,False,2,"Ames, IA",StoneBr,260000.0
4,2.0,1738,12513,1920,False,1,"Ames, IA",NAmes,104900.0
3,2.5,1412,8499,2006,False,2,"Ames, IA",Gilbert,156932.0
2,2.5,1200,3180,2005,False,2,"Ames, IA",Somerst,144152.0
3,2.5,1674,7500,2000,False,2,"Ames, IA",Somerst,216000.0
3,2.5,1790,9179,1999,False,2,"Ames, IA",CollgCr,193000.0
4,2.0,1475,2665,1977,False,1,"Ames, IA",MeadowV,127000.0
1,1.0,848,4435,2003,False,2,"Ames, IA",CollgCr,144000.0
3,2.0,1668,10635,2003,False,2,"Ames, IA",CollgCr,232000.0
2,1.0,1374,5400,1920,False,1,"Ames, IA",OldTown,105000.0
3,1.0,1661,9600,1955,False,1,"Ames, IA",NAmes,165500.0
3,2.5,2097,9750,1998,False,2,"Ames, IA",CollgCr,274300.0
2,2.5,2633,11400,2001,False,3,"Ames, IA",NoRidge,466500.0
3,2.5,1958,10625,2005,False,3,"Ames, IA",Somerst,250000.0
3,2.0,1571,10991,2007,False,3,"Ames, IA",Timber,239000.0
2,1.0,790,6292,1930,False,1,"Ames, IA",SWISU,91000.0
3,2.0,1604,10998,1941,False,2,"Ames, IA",Edwards,117000.0
2,1.5,987,1953,1973,False,1,"Ames, IA",BrDale,83000.0
3,2.5,1394,9735,2006,False,2,"Ames, IA",Timber,167500.0
2,1.0,864,8212,1914,False,1,"Ames, IA",Edwards,58500.0
4,2.5,2117,12925,1970,False,2,"Ames, IA",NAmes,237500.0
4,1.5,1762,7200,1920,False,2,"Ames, IA",OldTown,157000.0
3,2.0,1416,25339,1918,False,2,"Ames, IA",Sawyer,112000.0
2,1.0,1258,9060,1939,False,1,"Ames, IA",Edwards,105000.0
3,1.0,1154,5436,1922,False,1,"Ames, IA",IDOTRR,125500.0
5,3.5,2784,16692,1978,True,2,"Ames, IA",NWAmes,250000.0
5,2.0,2526,8520,1916,False,1,"Ames, IA",OldTown,136000.0
3,2.0,1746,14892,2006,False,3,"Ames, IA",Gilbert,377500.0
3,1.0,1218,6000,1941,False,2,"Ames, IA",BrkSide,131000.0
3,2.0,1525,9100,2000,False,2,"Ames, IA",CollgCr,235000.0
4,2.0,1584,8944,1967,False,3,"Ames, IA",NAmes,124000.0
3,1.0,900,7838,1967,False,1,"Ames, IA",NAmes,123000.0
3,2.0,1912,10800,1905,False,2,"Ames, IA",OldTown,163000.0
2,2.0,1500,4045,2006,False,3,"Ames, IA",Blmngtn,246578.0
4,2.5,2482,12665,2005,False,3,"Ames, IA",Timber,281213.0
3,1.0,1687,57200,1948,False,2,"Ames, IA",Timber,160000.0
4,1.5,1513,6120,1920,False,1,"Ames, IA",BrkSide,137500.0
3,1.5,1904,7200,1950,False,1,"Ames, IA",NAmes,138000.0
3,2.5,1608,6171,1925,False,1,"Ames, IA",SWISU,137450.0
3,1.0,1158,6000,1929,False,1,"Ames, IA",BrkSide,120000.0
3,2.5,1593,7415,2004,False,2,"Ames, IA",Gilbert,193000.0
2,2.0,1294,6762,2006,False,2,"Ames, IA",CollgCr,193879.0
3,2.0,1464,15256,2007,False,3,"Ames, IA",Somerst,282922.0
3,1.0,1214,10410,1915,False,3,"Ames, IA",OldTown,105000.0
2,2.0,1646,3842,2004,False,2,"Ames, IA",Crawfor,275000.0
2,1.0,768,8445,1972,False,2,"Ames, IA",CollgCr,133000.0
3,1.0,833,8780,1985,False,0,"Ames, IA",Mitchel,112000.0
3,1.0,1363,7740,1910,False,2,"Ames, IA",OldTown,125500.0
3,2.5,2093,20544,1986,False,2,"Ames, IA",NWAmes,215000.0
3,2.5,1840,12420,2001,False,2,"Ames, IA",CollgCr,230000.0
3,1.5,1668,9600,1950,False,1,"Ames, IA",NAmes,140000.0
2,2.0,1040,7200,1949,False,2,"Ames, IA",NAmes,90000.0
2,2.0,1844,10994,2005,False,2,"Ames, IA",SawyerW,257000.0
4,1.5,1848,13053,1923,False,2,"Ames, IA",BrkSide,207000.0
1,2.0,1569,3635,2007,False,3,"Ames, IA",Blmngtn,175900.0
4,2.0,2290,11340,1885,False,2,"Ames, IA",OldTown,122500.0
3,2.5,2450,16545,1998,False,3,"Ames, IA",NoRidge,340000.0
3,1.5,1144,9204,1963,False,1,"Ames, IA",NAmes,124000.0
3,2.0,1844,16381,1969,False,2,"Ames, IA",Crawfor,223000.0
3,2.5,1416,11700,1968,False,2,"Ames, IA",NWAmes,179900.0
2,2.0,1069,4043,1977,False,2,"Ames, IA",NPkVill,127500.0
1,1.0,848,4435,2003,False,2,"Ames, IA",CollgCr,136500.0
4,2.0,2201,19690,1966,True,2,"Ames, IA",Edwards,274970.0
2,1.0,1344,9503,1958,False,1,"Ames, IA",NAmes,144000.0
3,1.0,1252,10721,1959,False,2,"Ames, IA",NAmes,142000.0
3,2.5,2127,10944,1994,False,2,"Ames, IA",NoRidge,271000.0
3,1.5,1558,10930,1945,False,1,"Ames, IA",NAmes,140000.0
2,1.0,804,7200,1940,False,1,"Ames, IA",OldTown,119000.0
3,2.0,1440,12546,1981,False,2,"Ames, IA",NWAmes,182900.0
4,2.5,1838,21930,2005,False,2,"Ames, IA",Gilbert,192140.0
2,2.0,958,4928,1976,False,2,"Ames, IA",NPkVill,143750.0
4,2.0,968,10800,1927,False,1,"Ames, IA",OldTown,64500.0
3,2.5,1792,10261,2000,False,2,"Ames, IA",Gilbert,186500.0
3,2.0,1126,17400,1977,False,2,"Ames, IA",Mitchel,160000.0
3,1.5,1537,8400,1962,False,2,"Ames, IA",NAmes,174000.0
3,1.0,864,9000,1971,False,2,"Ames, IA",NAmes,120500.0
2,2.0,1932,12444,2008,False,3,"Ames, IA",NridgHt,394617.0
2,1.0,1236,7407,1957,False,2,"Ames, IA",OldTown,149700.0
3,2.5,1725,11584,1979,False,2,"Ames, IA",NWAmes,197000.0
3,2.0,2555,11526,1922,False,2,"Ames, IA",Crawfor,191000.0
1,1.0,848,4426,2004,False,2,"Ames, IA",CollgCr,149300.0
3,2.5,2007,11003,2008,False,3,"Ames, IA",Somerst,310000.0
2,1.0,952,8854,1916,False,1,"Ames, IA",BrkSide,121000.0
3,2.0,1422,8500,2004,False,2,"Ames, IA",CollgCr,179600.0
3,1.0,913,8400,1966,False,1,"Ames, IA",Sawyer,129000.0
3,1.0,1188,26142,1962,False,1,"Ames, IA",Mitchel,157900.0
3,2.5,2090,10000,1995,False,2,"Ames, IA",CollgCr,240000.0
2,1.5,1346,11767,1910,False,1,"Ames, IA",Edwards,112000.0
1,1.0,630,1533,1970,False,0,"Ames, IA",MeadowV,92000.0
4,3.0,1792,9000,1974,False,0,"Ames, IA",NAmes,136000.0
3,2.0,1578,9262,2008,False,3,"Ames, IA",Somerst,287090.0
2,1.0,1072,3675,2005,False,2,"Ames, IA",Edwards,145000.0
3,1.0,1140,17217,2006,False,0,"Ames, IA",Mitchel,84500.0
2,2.0,1221,7500,2004,False,2,"Ames, IA",Somerst,185000.0
3,2.5,1647,7917,1999,False,2,"Ames, IA",Gilbert,175000.0
3,2.0,2073,13175,1978,False,2,"Ames, IA",NWAmes,210000.0
4,2.0,2340,9042,1941,False,1,"Ames, IA",Crawfor,266500.0
2,1.0,1078,9717,1950,False,1,"Ames, IA",NAmes,142125.0
3,1.5,1256,9937,1965,False,1,"Ames, IA",Edwards,147500.0
