country_code,country,period,index,yoy_pct
AU,Australia,2006-Q2,74.5402,6.6482
AU,Australia,2006-Q3,75.8955,8.7379
AU,Australia,2006-Q4,77.2507,8.5714
AU,Australia,2007-Q1,77.9284,8.3445
AU,Australia,2007-Q2,81.4134,9.2208
AU,Australia,2007-Q3,84.3175,11.0969
AU,Australia,2007-Q4,87.5121,13.2832
AU,Australia,2008-Q1,87.8993,12.795
AU,Australia,2008-Q2,87.1249,7.0155
AU,Australia,2008-Q3,85.1888,1.0333
AU,Australia,2008-Q4,84.0271,-3.9823
AU,Australia,2009-Q1,83.8335,-4.6256
AU,Australia,2009-Q2,87.3185,0.2222
AU,Australia,2009-Q3,90.9971,6.8182
AU,Australia,2009-Q4,96.031,14.2857
AU,Australia,2010-Q1,99.0319,18.1293
AU,Australia,2010-Q2,100.9681,15.6319
AU,Australia,2010-Q3,99.7096,9.5745
AU,Australia,2010-Q4,100.2904,4.4355
AU,Australia,2011-Q1,99.4192,0.391
AU,Australia,2011-Q2,98.7415,-2.2052
AU,Australia,2011-Q3,96.999,-2.7184
AU,Australia,2011-Q4,96.2246,-4.0541
AU,Australia,2012-Q1,96.8054,-2.629
AU,Australia,2012-Q2,97.1926,-1.5686
AU,Australia,2012-Q3,96.999,0.0
AU,Australia,2012-Q4,99.1288,3.0181
AU,Australia,2013-Q1,99.8064,3.1
AU,Australia,2013-Q2,102.3233,5.2789
AU,Australia,2013-Q3,104.8403,8.0838
AU,Australia,2013-Q4,109.0029,9.9609
AU,Australia,2014-Q1,110.5518,10.7662
AU,Australia,2014-Q2,112.6815,10.123
AU,Australia,2014-Q3,114.0368,8.7719
AU,Australia,2014-Q4,116.3601,6.7496
AU,Australia,2015-Q1,118.1994,6.9177
AU,Australia,2015-Q2,123.7173,9.7938
AU,Australia,2015-Q3,126.2343,10.6961
AU,Australia,2015-Q4,126.4279,8.6522
AU,Australia,2016-Q1,126.2343,6.7977
AU,Australia,2016-Q2,128.7512,4.0689
AU,Australia,2016-Q3,130.6873,3.5276
AU,Australia,2016-Q4,136.1084,7.657
AU,Australia,2017-Q1,139.1094,10.1994
AU,Australia,2017-Q2,141.8199,10.1504
AU,Australia,2017-Q3,141.5295,8.2963
AU,Australia,2017-Q4,142.8848,4.9787
AU,Australia,2018-Q1,141.9167,2.0181
AU,Australia,2018-Q2,140.9487,-0.6143
AU,Australia,2018-Q3,138.819,-1.9152
AU,Australia,2018-Q4,135.5276,-5.1491
AU,Australia,2019-Q1,131.4618,-7.367
AU,Australia,2019-Q2,130.4937,-7.4176
AU,Australia,2019-Q3,133.6883,-3.696
AU,Australia,2019-Q4,138.9158,2.5
AU,Australia,2020-Q1,141.1423,7.3638
AU,Australia,2020-Q2,138.6254,6.2315
AU,Australia,2020-Q3,139.6902,4.4895
AU,Australia,2020-Q4,143.9497,3.6237
AU,Australia,2021-Q1,151.6941,7.476
AU,Australia,2021-Q2,161.8587,16.7598
AU,Australia,2021-Q3,169.9903,21.6909
AU,Australia,2021-Q4,178.0252,23.6718
AU,Australia,2022-Q1,182.9175,20.5831
AU,Australia,2022-Q2,183.4788,13.3574
AU,Australia,2022-Q3,177.1329,4.2018
AU,Australia,2022-Q4,172.5522,-3.0743
AU,Australia,2023-Q1,171.7021,-6.1314
AU,Australia,2023-Q2,176.5027,-3.8022
AU,Australia,2023-Q3,181.3528,2.3823
AU,Australia,2023-Q4,185.0522,7.2442
AU,Australia,2024-Q1,188.104,9.5525
AU,Australia,2024-Q2,192.1255,8.8514
AU,Australia,2024-Q3,194.8374,7.4356
AU,Australia,2024-Q4,195.7362,5.7735
AU,Australia,2025-Q1,196.5064,4.4669
AU,Australia,2025-Q2,199.929,4.0617
AU,Australia,2025-Q3,204.7214,5.0729
AU,Australia,2025-Q4,211.5761,8.0925
AU,Australia,2026-Q1,216.1282,9.9853
BR,Brazil,2006-Q2,43.613,10.5675
BR,Brazil,2006-Q3,45.1233,12.0605
BR,Brazil,2006-Q4,46.8334,13.6562
BR,Brazil,2007-Q1,48.7463,15.2092
BR,Brazil,2007-Q2,50.8818,16.6666
BR,Brazil,2007-Q3,53.2686,18.0512
BR,Brazil,2007-Q4,55.9323,19.4282
BR,Brazil,2008-Q1,58.8844,20.7977
BR,Brazil,2008-Q2,62.0934,22.0346
BR,Brazil,2008-Q3,65.528,23.0143
BR,Brazil,2008-Q4,69.2024,23.7253
BR,Brazil,2009-Q1,73.1794,24.2764
BR,Brazil,2009-Q2,77.5104,24.8287
BR,Brazil,2009-Q3,82.2041,25.4488
BR,Brazil,2009-Q4,87.1917,25.9952
BR,Brazil,2010-Q1,92.3279,26.1665
BR,Brazil,2010-Q2,97.4869,25.7727
BR,Brazil,2010-Q3,102.5916,24.8011
BR,Brazil,2010-Q4,107.5936,23.3989
BR,Brazil,2011-Q1,112.4642,21.8096
BR,Brazil,2011-Q2,117.1293,20.1488
BR,Brazil,2011-Q3,121.389,18.3226
BR,Brazil,2011-Q4,125.1062,16.2766
BR,Brazil,2012-Q1,128.398,14.1679
BR,Brazil,2012-Q2,131.5156,12.2824
BR,Brazil,2012-Q3,134.6076,10.8895
BR,Brazil,2012-Q4,137.7139,10.0776
BR,Brazil,2013-Q1,140.823,9.6769
BR,Brazil,2013-Q2,143.8892,9.4085
BR,Brazil,2013-Q3,146.8527,9.0969
BR,Brazil,2013-Q4,149.7106,8.7113
BR,Brazil,2014-Q1,151.9774,7.9209
BR,Brazil,2014-Q2,154.1501,7.1311
BR,Brazil,2014-Q3,156.2028,6.367
BR,Brazil,2014-Q4,158.0386,5.5627
BR,Brazil,2015-Q1,159.5974,5.0139
BR,Brazil,2015-Q2,160.8736,4.3617
BR,Brazil,2015-Q3,161.95,3.6793
BR,Brazil,2015-Q4,162.8807,3.0639
BR,Brazil,2016-Q1,163.6059,2.5116
BR,Brazil,2016-Q2,164.0912,2.0001
BR,Brazil,2016-Q3,164.3367,1.4737
BR,Brazil,2016-Q4,164.3196,0.8834
BR,Brazil,2017-Q1,163.9313,0.1989
BR,Brazil,2017-Q2,163.052,-0.6333
BR,Brazil,2017-Q3,161.6616,-1.6278
BR,Brazil,2017-Q4,159.8915,-2.6948
BR,Brazil,2018-Q1,157.9787,-3.6312
BR,Brazil,2018-Q2,156.1657,-4.2234
BR,Brazil,2018-Q3,154.5469,-4.401
BR,Brazil,2018-Q4,153.1194,-4.2354
BR,Brazil,2019-Q1,151.8404,-3.8855
BR,Brazil,2019-Q2,150.667,-3.5211
BR,Brazil,2019-Q3,149.6106,-3.194
BR,Brazil,2019-Q4,148.7256,-2.8695
BR,Brazil,2020-Q1,148.0718,-2.4819
BR,Brazil,2020-Q2,147.675,-1.9858
BR,Brazil,2020-Q3,147.5122,-1.4026
BR,Brazil,2020-Q4,147.5322,-0.8024
BR,Brazil,2021-Q1,147.7178,-0.2391
BR,Brazil,2021-Q2,148.1546,0.3248
BR,Brazil,2021-Q3,148.9883,1.0007
BR,Brazil,2021-Q4,150.4015,1.9449
BR,Brazil,2022-Q1,152.577,3.2895
BR,Brazil,2022-Q2,155.6947,5.0893
BR,Brazil,2022-Q3,159.8715,7.3047
BR,Brazil,2022-Q4,165.0876,9.7646
BR,Brazil,2023-Q1,171.1259,12.1571
BR,Brazil,2023-Q2,177.524,14.0206
BR,Brazil,2023-Q3,183.6651,14.883
BR,Brazil,2023-Q4,189.0439,14.5113
BR,Brazil,2024-Q1,193.4463,13.0433
BR,Brazil,2024-Q2,197.0151,10.9794
BR,Brazil,2024-Q3,200.147,8.9739
BR,Brazil,2024-Q4,203.3732,7.5799
BR,Brazil,2025-Q1,207.1104,7.0635
BR,Brazil,2025-Q2,211.5356,7.3702
BR,Brazil,2025-Q3,216.529,8.185
BR,Brazil,2025-Q4,221.8393,9.0799
BR,Brazil,2026-Q1,227.2867,9.7418
CA,Canada,2006-Q2,83.3991,11.9346
CA,Canada,2006-Q3,85.5504,12.9735
CA,Canada,2006-Q4,86.0523,12.1495
CA,Canada,2007-Q1,88.7773,11.4311
CA,Canada,2007-Q2,92.578,11.006
CA,Canada,2007-Q3,94.5142,10.4778
CA,Canada,2007-Q4,94.8727,10.25
CA,Canada,2008-Q1,96.2352,8.4006
CA,Canada,2008-Q2,96.9523,4.725
CA,Canada,2008-Q3,95.0161,0.5311
CA,Canada,2008-Q4,91.2872,-3.7793
CA,Canada,2009-Q1,88.4188,-8.1222
CA,Canada,2009-Q2,90.4984,-6.6568
CA,Canada,2009-Q3,93.5819,-1.5094
CA,Canada,2009-Q4,96.3069,5.4988
CA,Canada,2010-Q1,99.3188,12.3277
CA,Canada,2010-Q2,101.1115,11.7274
CA,Canada,2010-Q3,99.9641,6.8199
CA,Canada,2010-Q4,99.6056,3.4252
CA,Canada,2011-Q1,102.2589,2.9603
CA,Canada,2011-Q2,105.7727,4.6099
CA,Canada,2011-Q3,107.2069,7.2453
CA,Canada,2011-Q4,107.3503,7.7754
CA,Canada,2012-Q1,109.7885,7.3633
CA,Canada,2012-Q2,112.0115,5.8983
CA,Canada,2012-Q3,110.9358,3.4783
CA,Canada,2012-Q4,109.5733,2.0708
CA,Canada,2013-Q1,110.7207,0.8491
CA,Canada,2013-Q2,113.0154,0.8963
CA,Canada,2013-Q3,113.6608,2.4564
CA,Canada,2013-Q4,114.0194,4.0576
CA,Canada,2014-Q1,116.4575,5.1813
CA,Canada,2014-Q2,119.1825,5.4569
CA,Canada,2014-Q3,119.8996,5.489
CA,Canada,2014-Q4,120.3299,5.5346
CA,Canada,2015-Q1,123.6285,6.1576
CA,Canada,2015-Q2,127.8594,7.2804
CA,Canada,2015-Q3,130.2259,8.6124
CA,Canada,2015-Q4,131.6601,9.416
CA,Canada,2016-Q1,138.616,12.123
CA,Canada,2016-Q2,147.4364,15.3113
CA,Canada,2016-Q3,151.8107,16.5749
CA,Canada,2016-Q4,152.8146,16.0675
CA,Canada,2017-Q1,163.0692,17.641
CA,Canada,2017-Q2,172.2995,16.8637
CA,Canada,2017-Q3,174.5216,14.9601
CA,Canada,2017-Q4,174.0089,13.8692
CA,Canada,2018-Q1,175.2054,7.4423
CA,Canada,2018-Q2,177.4275,2.9762
CA,Canada,2018-Q3,177.7694,1.8609
CA,Canada,2018-Q4,177.0856,1.7682
CA,Canada,2019-Q1,176.231,0.5854
CA,Canada,2019-Q2,177.7694,0.1927
CA,Canada,2019-Q3,178.1112,0.1923
CA,Canada,2019-Q4,179.9915,1.6409
CA,Canada,2020-Q1,183.752,4.2677
CA,Canada,2020-Q2,187.8544,5.6731
CA,Canada,2020-Q3,190.4183,6.9098
CA,Canada,2020-Q4,195.0335,8.3571
CA,Canada,2021-Q1,199.8196,8.7442
CA,Canada,2021-Q2,213.1523,13.4668
CA,Canada,2021-Q3,217.7675,14.3627
CA,Canada,2021-Q4,222.2117,13.9351
CA,Canada,2022-Q1,250.6768,25.4516
CA,Canada,2022-Q2,244.1786,14.5559
CA,Canada,2022-Q3,222.0704,1.9759
CA,Canada,2022-Q4,211.8286,-4.6726
CA,Canada,2023-Q1,211.9699,-15.441
CA,Canada,2023-Q2,222.5649,-8.8516
CA,Canada,2023-Q3,221.3641,-0.3181
CA,Canada,2023-Q4,212.7469,0.4335
CA,Canada,2024-Q1,213.5238,0.7331
CA,Canada,2024-Q2,216.4198,-2.761
CA,Canada,2024-Q3,212.4643,-4.0204
CA,Canada,2024-Q4,208.9327,-1.7928
CA,Canada,2025-Q1,210.3453,-1.4886
CA,Canada,2025-Q2,210.1334,-2.9047
CA,Canada,2025-Q3,205.6836,-3.1915
CA,Canada,2025-Q4,201.8694,-3.3807
CA,Canada,2026-Q1,200.2448,-4.8019
CH,Switzerland,2006-Q2,83.6199,6.2548
CH,Switzerland,2006-Q3,84.3414,5.5074
CH,Switzerland,2006-Q4,88.0249,9.1489
CH,Switzerland,2007-Q1,89.2381,8.4634
CH,Switzerland,2007-Q2,90.7631,8.5425
CH,Switzerland,2007-Q3,90.3086,7.075
CH,Switzerland,2007-Q4,91.1156,3.5112
CH,Switzerland,2008-Q1,92.3413,3.4774
CH,Switzerland,2008-Q2,93.6738,3.2069
CH,Switzerland,2008-Q3,94.6781,4.8385
CH,Switzerland,2008-Q4,95.8406,5.1857
CH,Switzerland,2009-Q1,96.1819,4.1592
CH,Switzerland,2009-Q2,95.6529,2.1127
CH,Switzerland,2009-Q3,95.7398,1.1213
CH,Switzerland,2009-Q4,96.1561,0.3292
CH,Switzerland,2010-Q1,98.14,2.0358
CH,Switzerland,2010-Q2,98.9517,3.4488
CH,Switzerland,2010-Q3,100.6296,5.1074
CH,Switzerland,2010-Q4,102.2786,6.3673
CH,Switzerland,2011-Q1,105.2034,7.1973
CH,Switzerland,2011-Q2,106.7933,7.9247
CH,Switzerland,2011-Q3,108.9544,8.2727
CH,Switzerland,2011-Q4,109.1006,6.67
CH,Switzerland,2012-Q1,111.8143,6.2839
CH,Switzerland,2012-Q2,113.1521,5.9543
CH,Switzerland,2012-Q3,114.801,5.3661
CH,Switzerland,2012-Q4,115.1288,5.5254
CH,Switzerland,2013-Q1,117.2734,4.8823
CH,Switzerland,2013-Q2,118.0957,4.369
CH,Switzerland,2013-Q3,118.2851,3.0349
CH,Switzerland,2013-Q4,119.5514,3.8414
CH,Switzerland,2014-Q1,120.0269,2.3479
CH,Switzerland,2014-Q2,121.5063,2.888
CH,Switzerland,2014-Q3,121.3472,2.5887
CH,Switzerland,2014-Q4,122.9653,2.8556
CH,Switzerland,2015-Q1,124.187,3.466
CH,Switzerland,2015-Q2,123.6868,1.7945
CH,Switzerland,2015-Q3,123.9767,2.1669
CH,Switzerland,2015-Q4,124.4508,1.208
CH,Switzerland,2016-Q1,125.9295,1.4031
CH,Switzerland,2016-Q2,124.6714,0.7961
CH,Switzerland,2016-Q3,123.8919,-0.0684
CH,Switzerland,2016-Q4,122.7885,-1.3357
CH,Switzerland,2017-Q1,123.0354,-2.2982
CH,Switzerland,2017-Q2,124.702,0.0245
CH,Switzerland,2017-Q3,127.1122,2.5992
CH,Switzerland,2017-Q4,126.849,3.3069
CH,Switzerland,2018-Q1,126.7617,3.0287
CH,Switzerland,2018-Q2,128.7736,3.2651
CH,Switzerland,2018-Q3,129.587,1.947
CH,Switzerland,2018-Q4,131.4893,3.6582
CH,Switzerland,2019-Q1,132.7897,4.7554
CH,Switzerland,2019-Q2,133.4812,3.6557
CH,Switzerland,2019-Q3,133.6664,3.148
CH,Switzerland,2019-Q4,136.0166,3.4431
CH,Switzerland,2020-Q1,134.9888,1.6561
CH,Switzerland,2020-Q2,136.8285,2.5077
CH,Switzerland,2020-Q3,137.1256,2.5879
CH,Switzerland,2020-Q4,140.2729,3.1292
CH,Switzerland,2021-Q1,140.199,3.8598
CH,Switzerland,2021-Q2,143.2772,4.713
CH,Switzerland,2021-Q3,146.6497,6.9456
CH,Switzerland,2021-Q4,150.5325,7.314
CH,Switzerland,2022-Q1,149.9769,6.9742
CH,Switzerland,2022-Q2,153.9967,7.4816
CH,Switzerland,2022-Q3,155.9098,6.3144
CH,Switzerland,2022-Q4,157.7695,4.8076
CH,Switzerland,2023-Q1,155.8619,3.924
CH,Switzerland,2023-Q2,157.6822,2.3932
CH,Switzerland,2023-Q3,157.9503,1.3088
CH,Switzerland,2023-Q4,159.7388,1.2482
CH,Switzerland,2024-Q1,158.1655,1.478
CH,Switzerland,2024-Q2,159.8522,1.3762
CH,Switzerland,2024-Q3,160.7092,1.7467
CH,Switzerland,2024-Q4,163.5223,2.3686
CH,Switzerland,2025-Q1,164.697,4.1295
CH,Switzerland,2025-Q2,167.7727,4.9549
CH,Switzerland,2025-Q3,169.102,5.2223
CH,Switzerland,2025-Q4,169.9661,3.9406
CH,Switzerland,2026-Q1,172.4741,4.7221
CN,China,2006-Q2,79.544,4.8459
CN,China,2006-Q3,80.855,4.9186
CN,China,2006-Q4,81.824,5.0109
CN,China,2007-Q1,82.1375,5.2977
CN,China,2007-Q2,84.218,5.876
CN,China,2007-Q3,86.498,6.9792
CN,China,2007-Q4,89.1486,8.9517
CN,China,2008-Q1,89.8611,9.4033
CN,China,2008-Q2,90.8301,7.8512
CN,China,2008-Q3,91.2576,5.5026
CN,China,2008-Q4,90.7446,1.7903
CN,China,2009-Q1,89.6901,-0.1903
CN,China,2009-Q2,90.4026,-0.4707
CN,China,2009-Q3,92.3406,1.1868
CN,China,2009-Q4,94.7631,4.4284
CN,China,2010-Q1,97.7556,8.9926
CN,China,2010-Q2,100.0071,10.6241
CN,China,2010-Q3,100.3776,8.7036
CN,China,2010-Q4,101.8596,7.4887
CN,China,2011-Q1,103.5126,5.8892
CN,China,2011-Q2,104.2822,4.2748
CN,China,2011-Q3,104.4817,4.0887
CN,China,2011-Q4,104.1967,2.2944
CN,China,2012-Q1,103.6551,0.1377
CN,China,2012-Q2,103.1136,-1.1206
CN,China,2012-Q3,103.2561,-1.173
CN,China,2012-Q4,103.6551,-0.5198
CN,China,2013-Q1,105.5932,1.8698
CN,China,2013-Q2,108.5572,5.2792
CN,China,2013-Q3,111.0082,7.5076
CN,China,2013-Q4,113.0602,9.0735
CN,China,2014-Q1,114.2857,8.2321
CN,China,2014-Q2,114.3427,5.3294
CN,China,2014-Q3,111.7207,0.6418
CN,China,2014-Q4,109.1557,-3.4535
CN,China,2015-Q1,107.8162,-5.6608
CN,China,2015-Q2,107.5882,-5.9072
CN,China,2015-Q3,108.2437,-3.1122
CN,China,2015-Q4,108.8422,-0.2872
CN,China,2016-Q1,111.5332,3.4475
CN,China,2016-Q2,113.8325,5.8039
CN,China,2016-Q3,116.4238,7.5571
CN,China,2016-Q4,119.1975,9.514
CN,China,2017-Q1,120.6209,8.148
CN,China,2017-Q2,122.9931,8.0474
CN,China,2017-Q3,124.38,6.8338
CN,China,2017-Q4,125.1464,4.9908
CN,China,2018-Q1,125.8764,4.357
CN,China,2018-Q2,127.7012,3.8279
CN,China,2018-Q3,131.5698,5.7805
CN,China,2018-Q4,134.1611,7.2033
CN,China,2019-Q1,135.4384,7.5963
CN,China,2019-Q2,137.1538,7.4021
CN,China,2019-Q3,138.5041,5.2704
CN,China,2019-Q4,139.2341,3.7813
CN,China,2020-Q1,139.4895,2.9911
CN,China,2020-Q2,140.256,2.2618
CN,China,2020-Q3,141.5698,2.2134
CN,China,2020-Q4,142.4458,2.3067
CN,China,2021-Q1,143.7231,3.0351
CN,China,2021-Q2,145.402,3.669
CN,China,2021-Q3,145.9129,3.0678
CN,China,2021-Q4,144.745,1.6141
CN,China,2022-Q1,143.5042,-0.1523
CN,China,2022-Q2,142.2268,-2.1837
CN,China,2022-Q3,141.1319,-3.2766
CN,China,2022-Q4,139.3801,-3.7064
CN,China,2023-Q1,138.6866,-3.3571
CN,China,2023-Q2,138.4311,-2.6688
CN,China,2023-Q3,136.6428,-3.1808
CN,China,2023-Q4,134.1976,-3.7182
CN,China,2024-Q1,131.5333,-5.1579
CN,China,2024-Q2,128.2121,-7.382
CN,China,2024-Q3,124.9274,-8.5737
CN,China,2024-Q4,122.7012,-8.5668
CN,China,2025-Q1,121.6428,-7.5194
CN,China,2025-Q2,120.0004,-6.4048
CN,China,2025-Q3,118.0296,-5.5214
CN,China,2025-Q4,115.6573,-5.7407
CN,China,2026-Q1,113.9785,-6.3007
DE,Germany,2006-Q2,97.2247,0.2159
DE,Germany,2006-Q3,98.299,1.481
DE,Germany,2006-Q4,97.0457,0.1522
DE,Germany,2007-Q1,96.6876,0.9346
DE,Germany,2007-Q2,96.5085,-0.7366
DE,Germany,2007-Q3,97.0457,-1.275
DE,Germany,2007-Q4,97.2247,0.1845
DE,Germany,2008-Q1,99.3733,2.7778
DE,Germany,2008-Q2,100.4476,4.0816
DE,Germany,2008-Q3,99.9105,2.952
DE,Germany,2008-Q4,100.6267,3.4991
DE,Germany,2009-Q1,100.2686,0.9009
DE,Germany,2009-Q2,99.0152,-1.426
DE,Germany,2009-Q3,99.0152,-0.8961
DE,Germany,2009-Q4,99.3733,-1.2456
DE,Germany,2010-Q1,98.6571,-1.6071
DE,Germany,2010-Q2,99.7314,0.7233
DE,Germany,2010-Q3,100.6267,1.6275
DE,Germany,2010-Q4,100.9848,1.6216
DE,Germany,2011-Q1,101.5219,2.9038
DE,Germany,2011-Q2,101.88,2.1544
DE,Germany,2011-Q3,103.1334,2.4911
DE,Germany,2011-Q4,103.1334,2.1277
DE,Germany,2012-Q1,104.2077,2.6455
DE,Germany,2012-Q2,105.4611,3.5149
DE,Germany,2012-Q3,105.6401,2.4306
DE,Germany,2012-Q4,106.5354,3.2986
DE,Germany,2013-Q1,107.4306,3.0928
DE,Germany,2013-Q2,108.684,3.056
DE,Germany,2013-Q3,109.5792,3.7288
DE,Germany,2013-Q4,109.0421,2.3529
DE,Germany,2014-Q1,109.9373,2.3333
DE,Germany,2014-Q2,112.265,3.2949
DE,Germany,2014-Q3,112.8021,2.9412
DE,Germany,2014-Q4,112.8021,3.4483
DE,Germany,2015-Q1,114.5927,4.2345
DE,Germany,2015-Q2,117.2784,4.4657
DE,Germany,2015-Q3,117.8156,4.4444
DE,Germany,2015-Q4,119.427,5.873
DE,Germany,2016-Q1,121.7547,6.25
DE,Germany,2016-Q2,125.3357,6.8702
DE,Germany,2016-Q3,127.4843,8.2067
DE,Germany,2016-Q4,129.4539,8.3958
DE,Germany,2017-Q1,130.1701,6.9118
DE,Germany,2017-Q2,132.6768,5.8571
DE,Germany,2017-Q3,134.8254,5.7584
DE,Germany,2017-Q4,137.5112,6.2241
DE,Germany,2018-Q1,138.7645,6.6025
DE,Germany,2018-Q2,141.4503,6.6127
DE,Germany,2018-Q3,144.3151,7.0385
DE,Germany,2018-Q4,146.1056,6.25
DE,Germany,2019-Q1,146.1056,5.2903
DE,Germany,2019-Q2,149.8657,5.9494
DE,Germany,2019-Q3,152.0143,5.335
DE,Germany,2019-Q4,155.5953,6.4951
DE,Germany,2020-Q1,156.8487,7.3529
DE,Germany,2020-Q2,159.7135,6.5711
DE,Germany,2020-Q3,164.5479,8.245
DE,Germany,2020-Q4,169.2032,8.7457
DE,Germany,2021-Q1,171.5309,9.3607
DE,Germany,2021-Q2,178.1558,11.5471
DE,Germany,2021-Q3,185.4969,12.7312
DE,Germany,2021-Q4,190.6893,12.6984
DE,Germany,2022-Q1,192.4799,12.2129
DE,Germany,2022-Q2,196.2399,10.1508
DE,Germany,2022-Q3,194.9866,5.1158
DE,Germany,2022-Q4,185.855,-2.5352
DE,Germany,2023-Q1,180.3044,-6.3256
DE,Germany,2023-Q2,177.7977,-9.3978
DE,Germany,2023-Q3,175.1119,-10.1928
DE,Germany,2023-Q4,171.7099,-7.6108
DE,Germany,2024-Q1,170.9937,-5.1639
DE,Germany,2024-Q2,173.3214,-2.5176
DE,Germany,2024-Q3,174.7538,-0.2045
DE,Germany,2024-Q4,174.9329,1.877
DE,Germany,2025-Q1,177.4396,3.7696
DE,Germany,2025-Q2,179.051,3.3058
DE,Germany,2025-Q3,180.3044,3.1762
DE,Germany,2025-Q4,179.4091,2.5589
DE,Germany,2026-Q1,179.9463,1.4127
ES,Spain,2006-Q2,99.4329,9.5105
ES,Spain,2006-Q3,102.6811,11.25
ES,Spain,2006-Q4,105.3387,11.5025
ES,Spain,2007-Q1,107.8756,13.1334
ES,Spain,2007-Q2,110.9493,11.5821
ES,Spain,2007-Q3,112.1439,9.2157
ES,Spain,2007-Q4,111.352,5.7085
ES,Spain,2008-Q1,110.9359,2.8369
ES,Spain,2008-Q2,110.654,-0.2662
ES,Spain,2008-Q3,108.8823,-2.9084
ES,Spain,2008-Q4,105.5267,-5.2314
ES,Spain,2009-Q1,102.708,-7.4168
ES,Spain,2009-Q2,102.2516,-7.5934
ES,Spain,2009-Q3,101.3255,-6.9403
ES,Spain,2009-Q4,100.9094,-4.3755
ES,Spain,2010-Q1,99.6477,-2.9796
ES,Spain,2010-Q2,101.2718,-0.9583
ES,Spain,2010-Q3,99.594,-1.7088
ES,Spain,2010-Q4,99.4866,-1.4099
ES,Spain,2011-Q1,96.1042,-3.556
ES,Spain,2011-Q2,94.9498,-6.2425
ES,Spain,2011-Q3,91.554,-8.0728
ES,Spain,2011-Q4,86.8025,-12.7496
ES,Spain,2012-Q1,82.4805,-14.176
ES,Spain,2012-Q2,79.796,-15.9599
ES,Spain,2012-Q3,76.8162,-16.0973
ES,Spain,2012-Q4,75.7424,-12.7416
ES,Spain,2013-Q1,71.9036,-12.8234
ES,Spain,2013-Q2,71.3265,-10.614
ES,Spain,2013-Q3,71.8902,-6.4127
ES,Spain,2013-Q4,70.9775,-6.291
ES,Spain,2014-Q1,70.7493,-1.6054
ES,Spain,2014-Q2,71.9305,0.8468
ES,Spain,2014-Q3,72.0781,0.2614
ES,Spain,2014-Q4,72.2258,1.7587
ES,Spain,2015-Q1,71.8499,1.5557
ES,Spain,2015-Q2,74.8163,4.0119
ES,Spain,2015-Q3,75.3129,4.4879
ES,Spain,2015-Q4,75.2995,4.2557
ES,Spain,2016-Q1,76.3599,6.2769
ES,Spain,2016-Q2,77.7021,3.8572
ES,Spain,2016-Q3,78.3464,4.0278
ES,Spain,2016-Q4,78.6148,4.4029
ES,Spain,2017-Q1,80.4134,5.3085
ES,Spain,2017-Q2,82.0375,5.5795
ES,Spain,2017-Q3,83.5542,6.6473
ES,Spain,2017-Q4,84.2791,7.2051
ES,Spain,2018-Q1,85.4334,6.2427
ES,Spain,2018-Q2,87.6212,6.8063
ES,Spain,2018-Q3,89.5406,7.1647
ES,Spain,2018-Q4,89.903,6.673
ES,Spain,2019-Q1,91.3258,6.8971
ES,Spain,2019-Q2,92.3593,5.4075
ES,Spain,2019-Q3,93.8358,4.7969
ES,Spain,2019-Q4,93.2183,3.6877
ES,Spain,2020-Q1,94.3324,3.2922
ES,Spain,2020-Q2,94.3727,2.1799
ES,Spain,2020-Q3,95.5404,1.8166
ES,Spain,2020-Q4,94.7888,1.6847
ES,Spain,2021-Q1,95.2183,0.9391
ES,Spain,2021-Q2,97.4732,3.2855
ES,Spain,2021-Q3,99.5269,4.1725
ES,Spain,2021-Q4,100.7617,6.3013
ES,Spain,2022-Q1,103.3388,8.5283
ES,Spain,2022-Q2,105.3253,8.0556
ES,Spain,2022-Q3,107.1373,7.6467
ES,Spain,2022-Q4,106.2783,5.4749
ES,Spain,2023-Q1,107.0031,3.5459
ES,Spain,2023-Q2,109.2312,3.7084
ES,Spain,2023-Q3,111.9828,4.5227
ES,Spain,2023-Q4,110.8419,4.294
ES,Spain,2024-Q1,113.8351,6.3848
ES,Spain,2024-Q2,117.9021,7.9381
ES,Spain,2024-Q3,121.2308,8.2584
ES,Spain,2024-Q4,123.4187,11.3466
ES,Spain,2025-Q1,127.8346,12.2981
ES,Spain,2025-Q2,132.9486,12.7618
ES,Spain,2025-Q3,136.8008,12.8432
ES,Spain,2025-Q4,139.3108,12.8766
ES,Spain,2026-Q1,144.2233,12.8202
FR,France,2006-Q2,93.8111,12.5
FR,France,2006-Q3,96.7176,10.7922
FR,France,2006-Q4,97.5194,9.5721
FR,France,2007-Q1,98.221,7.9295
FR,France,2007-Q2,99.9248,6.5171
FR,France,2007-Q3,102.23,5.6995
FR,France,2007-Q4,102.8314,5.4471
FR,France,2008-Q1,102.23,4.0816
FR,France,2008-Q2,102.6309,2.7081
FR,France,2008-Q3,102.8314,0.5882
FR,France,2008-Q4,99.4237,-3.3138
FR,France,2009-Q1,95.7154,-6.3725
FR,France,2009-Q2,94.4124,-8.0078
FR,France,2009-Q3,95.9158,-6.7251
FR,France,2009-Q4,96.2165,-3.2258
FR,France,2010-Q1,96.9181,1.2565
FR,France,2010-Q2,98.8224,4.6709
FR,France,2010-Q3,101.5284,5.8516
FR,France,2010-Q4,102.7311,6.7708
FR,France,2011-Q1,103.3325,6.6184
FR,France,2011-Q2,105.337,6.5923
FR,France,2011-Q3,107.542,5.923
FR,France,2011-Q4,106.5397,3.7073
FR,France,2012-Q1,105.1366,1.7459
FR,France,2012-Q2,105.1366,-0.1903
FR,France,2012-Q3,105.8381,-1.5843
FR,France,2012-Q4,104.3348,-2.0696
FR,France,2013-Q1,103.0318,-2.0019
FR,France,2013-Q2,102.9316,-2.0972
FR,France,2013-Q3,103.8336,-1.8939
FR,France,2013-Q4,102.7311,-1.537
FR,France,2014-Q1,101.5284,-1.4591
FR,France,2014-Q2,101.7289,-1.1685
FR,France,2014-Q3,102.5307,-1.2548
FR,France,2014-Q4,100.5262,-2.1463
FR,France,2015-Q1,99.6242,-1.8756
FR,France,2015-Q2,99.7244,-1.9704
FR,France,2015-Q3,101.1275,-1.3685
FR,France,2015-Q4,100.426,-0.0997
FR,France,2016-Q1,99.9248,0.3018
FR,France,2016-Q2,100.426,0.7035
FR,France,2016-Q3,102.6309,1.4866
FR,France,2016-Q4,102.0296,1.5968
FR,France,2017-Q1,102.7311,2.8084
FR,France,2017-Q2,103.7334,3.2934
FR,France,2017-Q3,105.9384,3.2227
FR,France,2017-Q4,105.4372,3.3399
FR,France,2018-Q1,105.7379,2.9268
FR,France,2018-Q2,106.6399,2.8019
FR,France,2018-Q3,108.8449,2.7436
FR,France,2018-Q4,108.8449,3.2319
FR,France,2019-Q1,108.8449,2.9384
FR,France,2019-Q2,110.0476,3.1955
FR,France,2019-Q3,112.5532,3.407
FR,France,2019-Q4,112.9541,3.7753
FR,France,2020-Q1,114.1569,4.8803
FR,France,2020-Q2,115.7605,5.1913
FR,France,2020-Q3,118.0656,4.8976
FR,France,2020-Q4,119.569,5.8563
FR,France,2021-Q1,120.4711,5.5312
FR,France,2021-Q2,122.7762,6.0606
FR,France,2021-Q3,126.4846,7.1307
FR,France,2021-Q4,127.7875,6.8734
FR,France,2022-Q1,128.89,6.9884
FR,France,2022-Q2,131.095,6.7755
FR,France,2022-Q3,134.6029,6.4184
FR,France,2022-Q4,133.8011,4.7059
FR,France,2023-Q1,132.5983,2.8771
FR,France,2023-Q2,131.997,0.6881
FR,France,2023-Q3,132.4981,-1.5637
FR,France,2023-Q4,128.9902,-3.5955
FR,France,2024-Q1,126.2841,-4.7619
FR,France,2024-Q2,125.9835,-4.5558
FR,France,2024-Q3,127.8877,-3.4796
FR,France,2024-Q4,126.5848,-1.8648
FR,France,2025-Q1,126.7853,0.3968
FR,France,2025-Q2,126.7853,0.6364
FR,France,2025-Q3,128.7898,0.7053
FR,France,2025-Q4,127.7875,0.9501
FR,France,2026-Q1,126.9857,0.1581
GB,United Kingdom,2006-Q2,97.7556,7.2993
GB,United Kingdom,2006-Q3,100.7481,7.8292
GB,United Kingdom,2006-Q4,102.7431,9.7691
GB,United Kingdom,2007-Q1,104.2394,10.582
GB,United Kingdom,2007-Q2,108.2294,10.7143
GB,United Kingdom,2007-Q3,111.2219,10.396
GB,United Kingdom,2007-Q4,111.2219,8.2524
GB,United Kingdom,2008-Q1,108.0632,3.6683
GB,United Kingdom,2008-Q2,107.3982,-0.768
GB,United Kingdom,2008-Q3,103.2419,-7.1749
GB,United Kingdom,2008-Q4,96.4256,-13.3034
GB,United Kingdom,2009-Q1,91.4381,-15.3846
GB,United Kingdom,2009-Q2,92.6018,-13.7771
GB,United Kingdom,2009-Q3,96.2594,-6.7633
GB,United Kingdom,2009-Q4,98.0881,1.7241
GB,United Kingdom,2010-Q1,98.4206,7.6364
GB,United Kingdom,2010-Q2,100.2494,8.2585
GB,United Kingdom,2010-Q3,101.7456,5.6995
GB,United Kingdom,2010-Q4,99.5844,1.5254
GB,United Kingdom,2011-Q1,97.7556,-0.6757
GB,United Kingdom,2011-Q2,98.4206,-1.8242
GB,United Kingdom,2011-Q3,99.7506,-1.9608
GB,United Kingdom,2011-Q4,98.2544,-1.3356
GB,United Kingdom,2012-Q1,97.2569,-0.5102
GB,United Kingdom,2012-Q2,99.0856,0.6757
GB,United Kingdom,2012-Q3,100.0831,0.3333
GB,United Kingdom,2012-Q4,99.2519,1.0152
GB,United Kingdom,2013-Q1,98.5869,1.3675
GB,United Kingdom,2013-Q2,100.5819,1.5101
GB,United Kingdom,2013-Q3,103.0756,2.99
GB,United Kingdom,2013-Q4,103.5744,4.3551
GB,United Kingdom,2014-Q1,105.0707,6.5767
GB,United Kingdom,2014-Q2,108.7282,8.0992
GB,United Kingdom,2014-Q3,112.2195,8.871
GB,United Kingdom,2014-Q4,112.3857,8.5072
GB,United Kingdom,2015-Q1,112.0532,6.6456
GB,United Kingdom,2015-Q2,114.547,5.3517
GB,United Kingdom,2015-Q3,118.2045,5.3333
GB,United Kingdom,2015-Q4,119.7007,6.5089
GB,United Kingdom,2016-Q1,121.0308,8.0119
GB,United Kingdom,2016-Q2,123.6908,7.9826
GB,United Kingdom,2016-Q3,126.1845,6.7511
GB,United Kingdom,2016-Q4,126.1845,5.4167
GB,United Kingdom,2017-Q1,126.3508,4.3956
GB,United Kingdom,2017-Q2,129.1771,4.4355
GB,United Kingdom,2017-Q3,132.1696,4.7431
GB,United Kingdom,2017-Q4,132.0033,4.6113
GB,United Kingdom,2018-Q1,131.8371,4.3421
GB,United Kingdom,2018-Q2,133.3333,3.2175
GB,United Kingdom,2018-Q3,135.8271,2.7673
GB,United Kingdom,2018-Q4,135.1621,2.3929
GB,United Kingdom,2019-Q1,133.6658,1.3871
GB,United Kingdom,2019-Q2,134.6633,0.9975
GB,United Kingdom,2019-Q3,136.8246,0.7344
GB,United Kingdom,2019-Q4,136.3259,0.861
GB,United Kingdom,2020-Q1,135.9934,1.7413
GB,United Kingdom,2020-Q2,136.3259,1.2346
GB,United Kingdom,2020-Q3,140.3159,2.5516
GB,United Kingdom,2020-Q4,144.3059,5.8537
GB,United Kingdom,2021-Q1,146.4672,7.7017
GB,United Kingdom,2021-Q2,149.1272,9.3902
GB,United Kingdom,2021-Q3,151.9534,8.2938
GB,United Kingdom,2021-Q4,154.7797,7.2581
GB,United Kingdom,2022-Q1,158.4372,8.1725
GB,United Kingdom,2022-Q2,162.4273,8.9186
GB,United Kingdom,2022-Q3,168.5786,10.9409
GB,United Kingdom,2022-Q4,168.7448,9.0226
GB,United Kingdom,2023-Q1,164.7548,3.9874
GB,United Kingdom,2023-Q2,163.9235,0.9212
GB,United Kingdom,2023-Q3,166.7498,-1.0848
GB,United Kingdom,2023-Q4,164.5885,-2.4631
GB,United Kingdom,2024-Q1,162.5935,-1.3118
GB,United Kingdom,2024-Q2,164.5885,0.4057
GB,United Kingdom,2024-Q3,168.2461,0.8973
GB,United Kingdom,2024-Q4,168.5786,2.4242
GB,United Kingdom,2025-Q1,169.4098,4.1922
GB,United Kingdom,2025-Q2,168.0798,2.1212
GB,United Kingdom,2025-Q3,172.0698,2.2727
GB,United Kingdom,2025-Q4,172.5686,2.3669
GB,United Kingdom,2026-Q1,171.4048,1.1776
HK,Hong Kong SAR,2006-Q2,61.7814,-1.3753
HK,Hong Kong SAR,2006-Q3,61.4501,-0.8906
HK,Hong Kong SAR,2006-Q4,61.8256,3.5133
HK,Hong Kong SAR,2007-Q1,63.9903,5.5374
HK,Hong Kong SAR,2007-Q2,66.4421,7.5439
HK,Hong Kong SAR,2007-Q3,68.9381,12.1855
HK,Hong Kong SAR,2007-Q4,75.0345,21.3648
HK,Hong Kong SAR,2008-Q1,82.8538,29.4787
HK,Hong Kong SAR,2008-Q2,83.4281,25.5651
HK,Hong Kong SAR,2008-Q3,81.6611,18.4557
HK,Hong Kong SAR,2008-Q4,71.5666,-4.6217
HK,Hong Kong SAR,2009-Q1,71.5887,-13.5964
HK,Hong Kong SAR,2009-Q2,77.5747,-7.0161
HK,Hong Kong SAR,2009-Q3,84.2454,3.1647
HK,Hong Kong SAR,2009-Q4,88.0667,23.0556
HK,Hong Kong SAR,2010-Q1,93.3017,30.3302
HK,Hong Kong SAR,2010-Q2,97.0346,25.0854
HK,Hong Kong SAR,2010-Q3,102.115,21.2114
HK,Hong Kong SAR,2010-Q4,107.5487,22.1219
HK,Hong Kong SAR,2011-Q1,116.0528,24.3844
HK,Hong Kong SAR,2011-Q2,123.099,26.8609
HK,Hong Kong SAR,2011-Q3,122.7235,20.1817
HK,Hong Kong SAR,2011-Q4,120.6693,12.1997
HK,Hong Kong SAR,2012-Q1,122.7677,5.7861
HK,Hong Kong SAR,2012-Q2,134.0328,8.8821
HK,Hong Kong SAR,2012-Q3,140.1955,14.2369
HK,Hong Kong SAR,2012-Q4,149.5831,23.9612
HK,Hong Kong SAR,2013-Q1,157.3582,28.1756
HK,Hong Kong SAR,2013-Q2,159.81,19.232
HK,Hong Kong SAR,2013-Q3,162.7699,16.1021
HK,Hong Kong SAR,2013-Q4,162.4607,8.609
HK,Hong Kong SAR,2014-Q1,161.8422,2.8495
HK,Hong Kong SAR,2014-Q2,164.051,2.6538
HK,Hong Kong SAR,2014-Q3,173.1515,6.3781
HK,Hong Kong SAR,2014-Q4,181.7881,11.8967
HK,Hong Kong SAR,2015-Q1,191.6395,18.4113
HK,Hong Kong SAR,2015-Q2,198.244,20.8429
HK,Hong Kong SAR,2015-Q3,202.2199,16.7878
HK,Hong Kong SAR,2015-Q4,194.5331,7.0109
HK,Hong Kong SAR,2016-Q1,182.031,-5.0138
HK,Hong Kong SAR,2016-Q2,182.3403,-8.0223
HK,Hong Kong SAR,2016-Q3,191.1315,-5.4833
HK,Hong Kong SAR,2016-Q4,202.8605,4.2807
HK,Hong Kong SAR,2017-Q1,208.7139,14.6584
HK,Hong Kong SAR,2017-Q2,220.8184,21.1024
HK,Hong Kong SAR,2017-Q3,224.8606,17.6471
HK,Hong Kong SAR,2017-Q4,230.6257,13.6868
HK,Hong Kong SAR,2018-Q1,241.4048,15.663
HK,Hong Kong SAR,2018-Q2,254.3487,15.1846
HK,Hong Kong SAR,2018-Q3,260.3788,15.7957
HK,Hong Kong SAR,2018-Q4,244.0554,5.8232
HK,Hong Kong SAR,2019-Q1,244.453,1.2627
HK,Hong Kong SAR,2019-Q2,261.2844,2.7268
HK,Hong Kong SAR,2019-Q3,256.9109,-1.3319
HK,Hong Kong SAR,2019-Q4,252.4049,3.4211
HK,Hong Kong SAR,2020-Q1,249.931,2.2409
HK,Hong Kong SAR,2020-Q2,254.0836,-2.7559
HK,Hong Kong SAR,2020-Q3,254.1278,-1.0833
HK,Hong Kong SAR,2020-Q4,252.2061,-0.0788
HK,Hong Kong SAR,2021-Q1,255.431,2.2006
HK,Hong Kong SAR,2021-Q2,260.4009,2.4863
HK,Hong Kong SAR,2021-Q3,263.6479,3.7462
HK,Hong Kong SAR,2021-Q4,261.417,3.6521
HK,Hong Kong SAR,2022-Q1,255.2985,-0.0519
HK,Hong Kong SAR,2022-Q2,254.5254,-2.2563
HK,Hong Kong SAR,2022-Q3,244.0775,-7.4229
HK,Hong Kong SAR,2022-Q4,225.9871,-13.553
HK,Hong Kong SAR,2023-Q1,229.1457,-10.244
HK,Hong Kong SAR,2023-Q2,232.3486,-8.713
HK,Hong Kong SAR,2023-Q3,223.1156,-8.5882
HK,Hong Kong SAR,2023-Q4,209.5974,-7.2525
HK,Hong Kong SAR,2024-Q1,202.7279,-11.5288
HK,Hong Kong SAR,2024-Q2,202.6837,-12.7674
HK,Hong Kong SAR,2024-Q3,193.8263,-13.1274
HK,Hong Kong SAR,2024-Q4,192.5451,-8.1357
HK,Hong Kong SAR,2025-Q1,189.4528,-6.5482
HK,Hong Kong SAR,2025-Q2,189.8945,-6.3099
HK,Hong Kong SAR,2025-Q3,192.2359,-0.8205
HK,Hong Kong SAR,2025-Q4,197.2942,2.4665
HK,Hong Kong SAR,2026-Q1,204.3404,7.8582
ID,Indonesia,2006-Q2,90.8301,5.4483
ID,Indonesia,2006-Q3,91.377,5.4139
ID,Indonesia,2006-Q4,91.9313,4.0572
ID,Indonesia,2007-Q1,92.1604,1.8125
ID,Indonesia,2007-Q2,92.7813,2.1482
ID,Indonesia,2007-Q3,93.0843,1.8684
ID,Indonesia,2007-Q4,93.5351,1.7446
ID,Indonesia,2008-Q1,94.2298,2.2454
ID,Indonesia,2008-Q2,95.0206,2.4135
ID,Indonesia,2008-Q3,95.4714,2.5644
ID,Indonesia,2008-Q4,95.9296,2.56
ID,Indonesia,2009-Q1,96.3805,2.2824
ID,Indonesia,2009-Q2,97.0456,2.1311
ID,Indonesia,2009-Q3,97.4743,2.0979
ID,Indonesia,2009-Q4,98.1394,2.3036
ID,Indonesia,2010-Q1,98.8267,2.5381
ID,Indonesia,2010-Q2,99.854,2.8939
ID,Indonesia,2010-Q3,100.327,2.9266
ID,Indonesia,2010-Q4,100.9922,2.9069
ID,Indonesia,2011-Q1,103.2537,4.4796
ID,Indonesia,2011-Q2,104.3771,4.5297
ID,Indonesia,2011-Q3,104.8796,4.5378
ID,Indonesia,2011-Q4,106.0917,5.0494
ID,Indonesia,2012-Q1,106.9638,3.5932
ID,Indonesia,2012-Q2,108.2202,3.6819
ID,Indonesia,2012-Q3,109.3361,4.2492
ID,Indonesia,2012-Q4,113.2679,6.7641
ID,Indonesia,2013-Q1,118.7296,10.9998
ID,Indonesia,2013-Q2,121.3237,12.1082
ID,Indonesia,2013-Q3,124.1025,13.5055
ID,Indonesia,2013-Q4,126.3049,11.5099
ID,Indonesia,2014-Q1,128.1378,7.9241
ID,Indonesia,2014-Q2,130.3032,7.4013
ID,Indonesia,2014-Q3,132.2026,6.5269
ID,Indonesia,2014-Q4,134.2424,6.2844
ID,Indonesia,2015-Q1,136.1713,6.2694
ID,Indonesia,2015-Q2,138.0559,5.9497
ID,Indonesia,2015-Q3,139.4232,5.4618
ID,Indonesia,2015-Q4,140.4357,4.6135
ID,Indonesia,2016-Q1,141.8251,4.152
ID,Indonesia,2016-Q2,142.7341,3.3886
ID,Indonesia,2016-Q3,143.2515,2.7458
ID,Indonesia,2016-Q4,143.7762,2.3787
ID,Indonesia,2017-Q1,145.55,2.6264
ID,Indonesia,2017-Q2,147.2646,3.1741
ID,Indonesia,2017-Q3,148.0036,3.3173
ID,Indonesia,2017-Q4,148.8166,3.5057
ID,Indonesia,2018-Q1,150.9229,3.6914
ID,Indonesia,2018-Q2,151.8042,3.0826
ID,Indonesia,2018-Q3,152.2753,2.8862
ID,Indonesia,2018-Q4,152.8224,2.6918
ID,Indonesia,2019-Q1,153.3846,1.6311
ID,Indonesia,2019-Q2,153.7189,1.2613
ID,Indonesia,2019-Q3,154.1748,1.2474
ID,Indonesia,2019-Q4,154.7218,1.2429
ID,Indonesia,2020-Q1,155.3904,1.3077
ID,Indonesia,2020-Q2,155.8159,1.3642
ID,Indonesia,2020-Q3,156.1198,1.2616
ID,Indonesia,2020-Q4,156.4997,1.1491
ID,Indonesia,2021-Q1,156.8796,0.9584
ID,Indonesia,2021-Q2,157.3051,0.9557
ID,Indonesia,2021-Q3,157.7153,1.022
ID,Indonesia,2021-Q4,158.3536,1.1846
ID,Indonesia,2022-Q1,159.3565,1.5789
ID,Indonesia,2022-Q2,159.9035,1.6518
ID,Indonesia,2022-Q3,160.7697,1.9367
ID,Indonesia,2022-Q4,161.5294,2.0055
ID,Indonesia,2023-Q1,162.2132,1.7926
ID,Indonesia,2023-Q2,162.9882,1.9291
ID,Indonesia,2023-Q3,163.9152,1.9565
ID,Indonesia,2023-Q4,164.3406,1.7404
ID,Indonesia,2024-Q1,165.2676,1.883
ID,Indonesia,2024-Q2,165.8602,1.7621
ID,Indonesia,2024-Q3,166.3009,1.4554
ID,Indonesia,2024-Q4,166.62,1.387
ID,Indonesia,2025-Q1,167.0455,1.0758
ID,Indonesia,2025-Q2,167.3494,0.8979
ID,Indonesia,2025-Q3,167.7141,0.8498
ID,Indonesia,2025-Q4,168.0028,0.8299
ID,Indonesia,2026-Q1,168.0636,0.6095
IE,Ireland,2006-Q2,139.2057,14.8158
IE,Ireland,2006-Q3,147.6052,17.1243
IE,Ireland,2006-Q4,150.814,14.6616
IE,Ireland,2007-Q1,153.3936,14.5677
IE,Ireland,2007-Q2,153.9599,10.5989
IE,Ireland,2007-Q3,153.8026,4.1986
IE,Ireland,2007-Q4,152.9217,1.3976
IE,Ireland,2008-Q1,149.7129,-2.3995
IE,Ireland,2008-Q2,145.5918,-5.4352
IE,Ireland,2008-Q3,141.6909,-7.8748
IE,Ireland,2008-Q4,134.4554,-12.0757
IE,Ireland,2009-Q1,125.0177,-16.4951
IE,Ireland,2009-Q2,116.4294,-20.0303
IE,Ireland,2009-Q3,111.5847,-21.2478
IE,Ireland,2009-Q4,109.0051,-18.9284
IE,Ireland,2010-Q1,105.2615,-15.8027
IE,Ireland,2010-Q2,101.6752,-12.6723
IE,Ireland,2010-Q3,98.6866,-11.5591
IE,Ireland,2010-Q4,94.3767,-13.4199
IE,Ireland,2011-Q1,90.0983,-14.4053
IE,Ireland,2011-Q2,85.4109,-15.9963
IE,Ireland,2011-Q3,80.346,-18.5846
IE,Ireland,2011-Q4,75.8474,-19.6333
IE,Ireland,2012-Q1,72.4184,-19.6229
IE,Ireland,2012-Q2,70.7825,-17.1271
IE,Ireland,2012-Q3,71.6005,-10.8849
IE,Ireland,2012-Q4,72.1982,-4.8113
IE,Ireland,2013-Q1,70.1534,-3.1277
IE,Ireland,2013-Q2,70.1534,-0.8889
IE,Ireland,2013-Q3,74.1172,3.5149
IE,Ireland,2013-Q4,76.2249,5.5773
IE,Ireland,2014-Q1,77.4204,10.3587
IE,Ireland,2014-Q2,81.7302,16.5022
IE,Ireland,2014-Q3,88.3681,19.2275
IE,Ireland,2014-Q4,91.1365,19.5625
IE,Ireland,2015-Q1,90.9792,17.5132
IE,Ireland,2015-Q2,93.024,13.8183
IE,Ireland,2015-Q3,96.0126,8.6508
IE,Ireland,2015-Q4,97.4282,6.9037
IE,Ireland,2016-Q1,97.8687,7.5726
IE,Ireland,2016-Q2,98.9068,6.324
IE,Ireland,2016-Q3,103.1852,7.4705
IE,Ireland,2016-Q4,105.7334,8.5244
IE,Ireland,2017-Q1,106.9917,9.3218
IE,Ireland,2017-Q2,109.3512,10.5598
IE,Ireland,2017-Q3,115.2969,11.7378
IE,Ireland,2017-Q4,118.1282,11.7227
IE,Ireland,2018-Q1,120.2045,12.3493
IE,Ireland,2018-Q2,123.1302,12.6007
IE,Ireland,2018-Q3,125.8042,9.1132
IE,Ireland,2018-Q4,126.685,7.2437
IE,Ireland,2019-Q1,125.521,4.4229
IE,Ireland,2019-Q2,126.1817,2.4783
IE,Ireland,2019-Q3,128.0063,1.7504
IE,Ireland,2019-Q4,127.6917,0.7946
IE,Ireland,2020-Q1,126.7479,0.9774
IE,Ireland,2020-Q2,126.6221,0.349
IE,Ireland,2020-Q3,126.9996,-0.7864
IE,Ireland,2020-Q4,128.604,0.7145
IE,Ireland,2021-Q1,130.5859,3.028
IE,Ireland,2021-Q2,133.6689,5.5652
IE,Ireland,2021-Q3,140.4326,10.5772
IE,Ireland,2021-Q4,146.3783,13.8209
IE,Ireland,2022-Q1,150.0904,14.9362
IE,Ireland,2022-Q2,152.7645,14.2857
IE,Ireland,2022-Q3,157.1058,11.8728
IE,Ireland,2022-Q4,158.9619,8.5966
IE,Ireland,2023-Q1,157.7664,5.1142
IE,Ireland,2023-Q2,156.9485,2.7389
IE,Ireland,2023-Q3,159.2764,1.3817
IE,Ireland,2023-Q4,163.9324,3.1269
IE,Ireland,2024-Q1,167.7389,6.321
IE,Ireland,2024-Q2,170.1927,8.4386
IE,Ireland,2024-Q3,175.0688,9.9151
IE,Ireland,2024-Q4,179.2843,9.3648
IE,Ireland,2025-Q1,181.046,7.9332
IE,Ireland,2025-Q2,183.4054,7.7634
IE,Ireland,2025-Q3,188.1557,7.4753
IE,Ireland,2025-Q4,191.805,6.9837
IE,Ireland,2026-Q1,193.4094,6.8288
IN,India,2009-Q1,78.5736,
IN,India,2009-Q2,82.5022,
IN,India,2009-Q3,86.0381,
IN,India,2009-Q4,89.4167,
IN,India,2010-Q1,93.1097,18.5
IN,India,2010-Q2,98.5312,19.4286
IN,India,2010-Q3,104.3887,21.3285
IN,India,2010-Q4,103.9703,16.2762
IN,India,2011-Q1,111.5014,19.7527
IN,India,2011-Q2,121.3336,23.1423
IN,India,2011-Q3,124.8899,19.6393
IN,India,2011-Q4,131.2704,26.2576
IN,India,2012-Q1,140.2658,25.7973
IN,India,2012-Q2,149.1566,22.931
IN,India,2012-Q3,153.8636,23.1994
IN,India,2012-Q4,164.2187,25.0996
IN,India,2013-Q1,168.1935,19.9106
IN,India,2013-Q2,169.7624,13.8149
IN,India,2013-Q3,176.9797,15.0238
IN,India,2013-Q4,180.7452,10.0637
IN,India,2014-Q1,188.7993,12.2512
IN,India,2014-Q2,196.6441,15.8349
IN,India,2014-Q3,201.874,14.0662
IN,India,2014-Q4,211.2878,16.8982
IN,India,2015-Q1,221.8522,17.5069
IN,India,2015-Q2,225.1993,14.5213
IN,India,2015-Q3,228.2327,13.057
IN,India,2015-Q4,231.8936,9.7525
IN,India,2016-Q1,229.1741,3.3004
IN,India,2016-Q2,241.7106,7.3319
IN,India,2016-Q3,245.7005,7.6535
IN,India,2016-Q4,251.2442,8.3446
IN,India,2017-Q1,253.1299,10.4531
IN,India,2017-Q2,262.75,8.7044
IN,India,2017-Q3,264.0052,7.45
IN,India,2017-Q4,269.3397,7.2024
IN,India,2018-Q1,270.1032,6.7054
IN,India,2018-Q2,276.7452,5.3264
IN,India,2018-Q3,279.0045,5.6814
IN,India,2018-Q4,283.1675,5.134
IN,India,2019-Q1,279.9041,3.6286
IN,India,2019-Q2,286.2845,3.447
IN,India,2019-Q3,288.0732,3.2504
IN,India,2019-Q4,291.5876,2.9735
IN,India,2020-Q1,290.8659,3.9163
IN,India,2020-Q2,294.37,2.8243
IN,India,2020-Q3,291.2529,1.1038
IN,India,2020-Q4,297.9786,2.1918
IN,India,2021-Q1,298.5957,2.6575
IN,India,2021-Q2,300.1751,1.972
IN,India,2021-Q3,298.1878,2.3811
IN,India,2021-Q4,307.2983,3.1276
IN,India,2022-Q1,303.9616,1.797
IN,India,2022-Q2,310.2479,3.3556
IN,India,2022-Q3,318.0057,6.6461
IN,India,2022-Q4,321.1405,4.5045
IN,India,2023-Q1,317.1603,4.3422
IN,India,2023-Q2,321.7928,3.7212
IN,India,2023-Q3,326.3556,2.6257
IN,India,2023-Q4,330.6303,2.955
IN,India,2024-Q1,339.0122,6.8899
IN,India,2024-Q2,346.3127,7.6198
IN,India,2024-Q3,349.1572,6.9867
IN,India,2024-Q4,353.3663,6.8766
IN,India,2025-Q1,352.0088,3.8337
IN,India,2025-Q2,358.9313,3.6437
IN,India,2025-Q3,361.5015,3.5355
IN,India,2025-Q4,366.002,3.5758
IN,India,2026-Q1,366.8395,4.2132
IT,Italy,2006-Q2,93.5018,5.9915
IT,Italy,2006-Q3,95.2004,5.8517
IT,Italy,2006-Q4,95.8397,5.612
IT,Italy,2007-Q1,97.1025,5.8631
IT,Italy,2007-Q2,98.2129,5.0385
IT,Italy,2007-Q3,99.5643,4.5839
IT,Italy,2007-Q4,100.0885,4.4333
IT,Italy,2008-Q1,100.7288,3.7345
IT,Italy,2008-Q2,101.733,3.5841
IT,Italy,2008-Q3,102.1687,2.6158
IT,Italy,2008-Q4,100.6137,0.5247
IT,Italy,2009-Q1,100.9688,0.2382
IT,Italy,2009-Q2,100.8626,-0.8556
IT,Italy,2009-Q3,101.013,-1.1311
IT,Italy,2009-Q4,100.3551,-0.2571
IT,Italy,2010-Q1,98.8444,-2.104
IT,Italy,2010-Q2,99.8279,-1.0258
IT,Italy,2010-Q3,100.6147,-0.3943
IT,Italy,2010-Q4,100.7131,0.3567
IT,Italy,2011-Q1,100.1229,1.2935
IT,Italy,2011-Q2,102.1883,2.3645
IT,Italy,2011-Q3,101.7949,1.173
IT,Italy,2011-Q4,101.2048,0.4883
IT,Italy,2012-Q1,100.7131,0.5894
IT,Italy,2012-Q2,99.9262,-2.2137
IT,Italy,2012-Q3,98.1559,-3.5749
IT,Italy,2012-Q4,96.1888,-4.9563
IT,Italy,2013-Q1,93.5333,-7.1289
IT,Italy,2013-Q2,93.2383,-6.6929
IT,Italy,2013-Q3,91.8613,-6.4128
IT,Italy,2013-Q4,90.5827,-5.8282
IT,Italy,2014-Q1,89.5009,-4.3113
IT,Italy,2014-Q2,88.6157,-4.9578
IT,Italy,2014-Q3,87.6322,-4.6039
IT,Italy,2014-Q4,86.2552,-4.7774
IT,Italy,2015-Q1,84.3865,-5.7143
IT,Italy,2015-Q2,84.4849,-4.6615
IT,Italy,2015-Q3,85.2717,-2.6936
IT,Italy,2015-Q4,84.4849,-2.0525
IT,Italy,2016-Q1,84.4849,0.1166
IT,Italy,2016-Q2,85.075,0.6985
IT,Italy,2016-Q3,85.2717,0.0
IT,Italy,2016-Q4,84.6816,0.2328
IT,Italy,2017-Q1,83.8948,-0.6985
IT,Italy,2017-Q2,84.2882,-0.9249
IT,Italy,2017-Q3,83.9931,-1.4994
IT,Italy,2017-Q4,83.5997,-1.2776
IT,Italy,2018-Q1,83.403,-0.5862
IT,Italy,2018-Q2,83.9931,-0.3501
IT,Italy,2018-Q3,83.3046,-0.8197
IT,Italy,2018-Q4,83.2063,-0.4706
IT,Italy,2019-Q1,82.7145,-0.8255
IT,Italy,2019-Q2,83.8948,-0.1171
IT,Italy,2019-Q3,83.5997,0.3542
IT,Italy,2019-Q4,83.403,0.2364
IT,Italy,2020-Q1,84.0915,1.6647
IT,Italy,2020-Q2,86.747,3.3998
IT,Italy,2020-Q3,84.4849,1.0588
IT,Italy,2020-Q4,84.6816,1.533
IT,Italy,2021-Q1,85.5668,1.7544
IT,Italy,2021-Q2,86.9437,0.2268
IT,Italy,2021-Q3,87.9272,4.0745
IT,Italy,2021-Q4,88.0256,3.9489
IT,Italy,2022-Q1,89.5009,4.5977
IT,Italy,2022-Q2,91.4679,5.2036
IT,Italy,2022-Q3,90.4844,2.9083
IT,Italy,2022-Q4,90.386,2.6816
IT,Italy,2023-Q1,90.386,0.989
IT,Italy,2023-Q2,92.1564,0.7527
IT,Italy,2023-Q3,92.058,1.7391
IT,Italy,2023-Q4,91.9597,1.741
IT,Italy,2024-Q1,91.8613,1.6322
IT,Italy,2024-Q2,94.8119,2.8815
IT,Italy,2024-Q3,95.5004,3.7393
IT,Italy,2024-Q4,96.0905,4.492
IT,Italy,2025-Q1,95.8938,4.3897
IT,Italy,2025-Q2,98.5493,3.9419
IT,Italy,2025-Q3,99.0411,3.7075
IT,Italy,2025-Q4,99.9262,3.9918
IT,Italy,2026-Q1,100.9098,5.2308
JP,Japan,2006-Q2,105.3878,-3.2689
JP,Japan,2006-Q3,104.8077,-2.6786
JP,Japan,2006-Q4,104.5674,-2.1152
JP,Japan,2007-Q1,104.327,-1.5426
JP,Japan,2007-Q2,104.1835,-1.1427
JP,Japan,2007-Q3,104.0385,-0.7339
JP,Japan,2007-Q4,103.7981,-0.7356
JP,Japan,2008-Q1,103.5577,-0.7373
JP,Japan,2008-Q2,102.8847,-1.2467
JP,Japan,2008-Q3,102.2116,-1.756
JP,Japan,2008-Q4,101.1539,-2.5475
JP,Japan,2009-Q1,99.2083,-4.2
JP,Japan,2009-Q2,97.7081,-5.0314
JP,Japan,2009-Q3,99.1416,-3.0036
JP,Japan,2009-Q4,98.2749,-2.8462
JP,Japan,2010-Q1,99.6083,0.4032
JP,Japan,2010-Q2,99.775,2.1153
JP,Japan,2010-Q3,100.375,1.2441
JP,Japan,2010-Q4,100.2417,2.0014
JP,Japan,2011-Q1,100.4417,0.8367
JP,Japan,2011-Q2,99.975,0.2005
JP,Japan,2011-Q3,100.6084,0.2325
JP,Japan,2011-Q4,99.2416,-0.9977
JP,Japan,2012-Q1,99.9417,-0.4978
JP,Japan,2012-Q2,98.8749,-1.1004
JP,Japan,2012-Q3,99.1416,-1.4579
JP,Japan,2012-Q4,98.8082,-0.4367
JP,Japan,2013-Q1,99.475,-0.467
JP,Japan,2013-Q2,100.575,1.7195
JP,Japan,2013-Q3,101.6085,2.4882
JP,Japan,2013-Q4,101.5751,2.8003
JP,Japan,2014-Q1,102.5419,3.0831
JP,Japan,2014-Q2,102.0752,1.4915
JP,Japan,2014-Q3,102.7086,1.0827
JP,Japan,2014-Q4,102.1752,0.5907
JP,Japan,2015-Q1,104.9754,2.3732
JP,Japan,2015-Q2,104.6421,2.5147
JP,Japan,2015-Q3,105.6421,2.8562
JP,Japan,2015-Q4,104.1753,1.9576
JP,Japan,2016-Q1,106.6756,1.6196
JP,Japan,2016-Q2,107.7423,2.9627
JP,Japan,2016-Q3,107.509,1.7671
JP,Japan,2016-Q4,106.8089,2.528
JP,Japan,2017-Q1,110.8426,3.9063
JP,Japan,2017-Q2,109.9092,2.0111
JP,Japan,2017-Q3,110.1425,2.4496
JP,Japan,2017-Q4,108.7424,1.8102
JP,Japan,2018-Q1,112.5427,1.5338
JP,Japan,2018-Q2,112.0093,1.9108
JP,Japan,2018-Q3,112.1093,1.7857
JP,Japan,2018-Q4,111.476,2.5138
JP,Japan,2019-Q1,115.1429,2.3104
JP,Japan,2019-Q2,114.1762,1.9345
JP,Japan,2019-Q3,113.5095,1.2489
JP,Japan,2019-Q4,112.5427,0.9569
JP,Japan,2020-Q1,114.6429,-0.4343
JP,Japan,2020-Q2,113.3761,-0.7007
JP,Japan,2020-Q3,113.3761,-0.1175
JP,Japan,2020-Q4,114.3095,1.5699
JP,Japan,2021-Q1,118.4765,3.344
JP,Japan,2021-Q2,119.5766,5.469
JP,Japan,2021-Q3,122.6102,8.1447
JP,Japan,2021-Q4,122.1102,6.8241
JP,Japan,2022-Q1,129.2108,9.0602
JP,Japan,2022-Q2,130.5775,9.1999
JP,Japan,2022-Q3,132.2444,7.8575
JP,Japan,2022-Q4,131.3109,7.5348
JP,Japan,2023-Q1,135.3446,4.7472
JP,Japan,2023-Q2,134.8112,3.2423
JP,Japan,2023-Q3,135.0779,2.1427
JP,Japan,2023-Q4,133.9778,2.031
JP,Japan,2024-Q1,138.7116,2.4877
JP,Japan,2024-Q2,138.5449,2.7695
JP,Japan,2024-Q3,139.445,3.233
JP,Japan,2024-Q4,137.7115,2.7868
JP,Japan,2025-Q1,145.2121,4.6864
JP,Japan,2025-Q2,143.612,3.6574
JP,Japan,2025-Q3,145.4788,4.327
JP,Japan,2025-Q4,144.6454,5.0351
KR,Korea,2006-Q2,84.9264,5.5952
KR,Korea,2006-Q3,85.9437,4.8828
KR,Korea,2006-Q4,89.8204,9.2748
KR,Korea,2007-Q1,92.9299,11.9637
KR,Korea,2007-Q2,93.3399,9.9068
KR,Korea,2007-Q3,93.878,9.232
KR,Korea,2007-Q4,94.558,5.2746
KR,Korea,2008-Q1,95.4294,2.6897
KR,Korea,2008-Q2,97.4392,4.3918
KR,Korea,2008-Q3,98.6174,5.0484
KR,Korea,2008-Q4,98.2808,3.9371
KR,Korea,2009-Q1,96.9146,1.5563
KR,Korea,2009-Q2,96.9103,-0.5428
KR,Korea,2009-Q3,97.7728,-0.8564
KR,Korea,2009-Q4,98.9283,0.6588
KR,Korea,2010-Q1,99.5077,2.6757
KR,Korea,2010-Q2,99.9959,3.1839
KR,Korea,2010-Q3,99.9233,2.1994
KR,Korea,2010-Q4,100.5731,1.6627
KR,Korea,2011-Q1,102.323,2.8292
KR,Korea,2011-Q2,104.7629,4.7672
KR,Korea,2011-Q3,106.3191,6.4007
KR,Korea,2011-Q4,107.6472,7.0337
KR,Korea,2012-Q1,108.2519,5.7943
KR,Korea,2012-Q2,108.5599,3.6244
KR,Korea,2012-Q3,108.3017,1.8647
KR,Korea,2012-Q4,107.9549,0.2859
KR,Korea,2013-Q1,107.7603,-0.4541
KR,Korea,2013-Q2,107.6851,-0.8058
KR,Korea,2013-Q3,107.6388,-0.612
KR,Korea,2013-Q4,108.076,0.1121
KR,Korea,2014-Q1,108.619,0.7968
KR,Korea,2014-Q2,109.1799,1.3881
KR,Korea,2014-Q3,109.5532,1.7785
KR,Korea,2014-Q4,110.3424,2.0971
KR,Korea,2015-Q1,111.0199,2.2104
KR,Korea,2015-Q2,112.4098,2.9583
KR,Korea,2015-Q3,113.8459,3.9184
KR,Korea,2015-Q4,115.1342,4.3427
KR,Korea,2016-Q1,115.6019,4.1272
KR,Korea,2016-Q2,115.7891,3.0062
KR,Korea,2016-Q3,116.1854,2.0549
KR,Korea,2016-Q4,116.8458,1.4866
KR,Korea,2017-Q1,117.0466,1.2497
KR,Korea,2017-Q2,117.2244,1.2395
KR,Korea,2017-Q3,117.8753,1.4545
KR,Korea,2017-Q4,118.3167,1.2588
KR,Korea,2018-Q1,118.9426,1.6199
KR,Korea,2018-Q2,119.5458,1.9803
KR,Korea,2018-Q3,120.3656,2.1126
KR,Korea,2018-Q4,122.0746,3.1762
KR,Korea,2019-Q1,122.1278,2.678
KR,Korea,2019-Q2,121.7576,1.8502
KR,Korea,2019-Q3,121.718,1.1236
KR,Korea,2019-Q4,122.1546,0.0655
KR,Korea,2020-Q1,123.4607,1.0914
KR,Korea,2020-Q2,124.6709,2.3927
KR,Korea,2020-Q3,127.2227,4.5225
KR,Korea,2020-Q4,130.9111,7.1684
KR,Korea,2021-Q1,136.1153,10.2499
KR,Korea,2021-Q2,140.8894,13.009
KR,Korea,2021-Q3,146.4089,15.0808
KR,Korea,2021-Q4,151.529,15.7496
KR,Korea,2022-Q1,153.2779,12.6089
KR,Korea,2022-Q2,154.1145,9.3869
KR,Korea,2022-Q3,154.12,5.2668
KR,Korea,2022-Q4,151.3923,-0.0902
KR,Korea,2023-Q1,146.6481,-4.3253
KR,Korea,2023-Q2,143.6407,-6.7961
KR,Korea,2023-Q3,142.8322,-7.324
KR,Korea,2023-Q4,142.9153,-5.5994
KR,Korea,2024-Q1,142.5474,-2.7963
KR,Korea,2024-Q2,142.2513,-0.9673
KR,Korea,2024-Q3,142.3633,-0.3283
KR,Korea,2024-Q4,142.6825,-0.1629
KR,Korea,2025-Q1,142.3289,-0.1533
KR,Korea,2025-Q2,142.4055,0.1084
KR,Korea,2025-Q3,142.8669,0.3538
KR,Korea,2025-Q4,143.6856,0.703
KR,Korea,2026-Q1,144.8397,1.7641
MX,Mexico,2006-Q2,80.0124,6.5905
MX,Mexico,2006-Q3,81.2138,6.1811
MX,Mexico,2006-Q4,81.6445,6.9712
MX,Mexico,2007-Q1,83.7828,7.4542
MX,Mexico,2007-Q2,86.1737,7.7004
MX,Mexico,2007-Q3,87.8281,8.1443
MX,Mexico,2007-Q4,87.7284,7.4517
MX,Mexico,2008-Q1,89.0422,6.2774
MX,Mexico,2008-Q2,91.573,6.2656
MX,Mexico,2008-Q3,93.8626,6.8708
MX,Mexico,2008-Q4,94.841,8.1075
MX,Mexico,2009-Q1,96.1445,7.9763
MX,Mexico,2009-Q2,97.3531,6.312
MX,Mexico,2009-Q3,97.5974,3.979
MX,Mexico,2009-Q4,97.5239,2.8288
MX,Mexico,2010-Q1,98.2774,2.2184
MX,Mexico,2010-Q2,99.3245,2.025
MX,Mexico,2010-Q3,100.5778,3.0538
MX,Mexico,2010-Q4,101.8204,4.4056
MX,Mexico,2011-Q1,103.7879,5.6071
MX,Mexico,2011-Q2,105.413,6.1299
MX,Mexico,2011-Q3,106.5574,5.9452
MX,Mexico,2011-Q4,107.416,5.4956
MX,Mexico,2012-Q1,108.0055,4.0637
MX,Mexico,2012-Q2,108.6432,3.0643
MX,Mexico,2012-Q3,109.6152,2.8696
MX,Mexico,2012-Q4,110.4012,2.7791
MX,Mexico,2013-Q1,112.0894,3.7812
MX,Mexico,2013-Q2,114.1783,5.0948
MX,Mexico,2013-Q3,115.8688,5.705
MX,Mexico,2013-Q4,116.8736,5.8626
MX,Mexico,2014-Q1,118.4747,5.6966
MX,Mexico,2014-Q2,118.9788,4.2044
MX,Mexico,2014-Q3,119.7511,3.3506
MX,Mexico,2014-Q4,121.3634,3.8416
MX,Mexico,2015-Q1,123.5909,4.3184
MX,Mexico,2015-Q2,128.0902,7.658
MX,Mexico,2015-Q3,132.1108,10.3212
MX,Mexico,2015-Q4,133.7682,10.2212
MX,Mexico,2016-Q1,135.407,9.5607
MX,Mexico,2016-Q2,138.069,7.7904
MX,Mexico,2016-Q3,140.1558,6.0896
MX,Mexico,2016-Q4,141.6184,5.8685
MX,Mexico,2017-Q1,145.3789,7.3644
MX,Mexico,2017-Q2,148.3989,7.4817
MX,Mexico,2017-Q3,151.2265,7.8989
MX,Mexico,2017-Q4,153.7489,8.5656
MX,Mexico,2018-Q1,157.6318,8.4283
MX,Mexico,2018-Q2,161.2641,8.6693
MX,Mexico,2018-Q3,164.9095,9.048
MX,Mexico,2018-Q4,168.0721,9.316
MX,Mexico,2019-Q1,171.8704,9.0328
MX,Mexico,2019-Q2,176.0633,9.177
MX,Mexico,2019-Q3,178.8326,8.4429
MX,Mexico,2019-Q4,180.9432,7.6581
MX,Mexico,2020-Q1,183.9652,7.0372
MX,Mexico,2020-Q2,186.2172,5.7672
MX,Mexico,2020-Q3,187.8402,5.0369
MX,Mexico,2020-Q4,190.6729,5.3772
MX,Mexico,2021-Q1,196.0467,6.5673
MX,Mexico,2021-Q2,200.6422,7.7463
MX,Mexico,2021-Q3,204.1149,8.6641
MX,Mexico,2021-Q4,206.974,8.5492
MX,Mexico,2022-Q1,211.2251,7.7422
MX,Mexico,2022-Q2,216.6289,7.9678
MX,Mexico,2022-Q3,223.3499,9.4236
MX,Mexico,2022-Q4,228.5141,10.4072
MX,Mexico,2023-Q1,235.8938,11.6789
MX,Mexico,2023-Q2,241.6118,11.5326
MX,Mexico,2023-Q3,246.5366,10.3813
MX,Mexico,2023-Q4,251.5062,10.0616
MX,Mexico,2024-Q1,258.7062,9.6706
MX,Mexico,2024-Q2,264.2148,9.3551
MX,Mexico,2024-Q3,269.1844,9.1864
MX,Mexico,2024-Q4,273.4206,8.7133
MX,Mexico,2025-Q1,279.7973,8.1525
MX,Mexico,2025-Q2,287.2368,8.7134
MX,Mexico,2025-Q3,293.0447,8.8639
MX,Mexico,2025-Q4,297.8198,8.9237
MX,Mexico,2026-Q1,304.1666,8.7096
NL,Netherlands,2006-Q2,98.934,4.3046
NL,Netherlands,2006-Q3,100.0711,4.1135
NL,Netherlands,2006-Q4,100.9368,4.5084
NL,Netherlands,2007-Q1,102.2805,4.7367
NL,Netherlands,2007-Q2,103.185,4.2967
NL,Netherlands,2007-Q3,105.2006,5.1259
NL,Netherlands,2007-Q4,106.1826,5.1971
NL,Netherlands,2008-Q1,106.2472,3.8782
NL,Netherlands,2008-Q2,106.4151,3.1305
NL,Netherlands,2008-Q3,107.7718,2.4441
NL,Netherlands,2008-Q4,105.5624,-0.5841
NL,Netherlands,2009-Q1,104.477,-1.6661
NL,Netherlands,2009-Q2,101.4665,-4.6503
NL,Netherlands,2009-Q3,100.575,-6.6779
NL,Netherlands,2009-Q4,100.4974,-4.798
NL,Netherlands,2010-Q1,100.1874,-4.1059
NL,Netherlands,2010-Q2,100.0711,-1.3753
NL,Netherlands,2010-Q3,100.1615,-0.4111
NL,Netherlands,2010-Q4,99.5801,-0.9128
NL,Netherlands,2011-Q1,99.6964,-0.4901
NL,Netherlands,2011-Q2,98.3397,-1.7301
NL,Netherlands,2011-Q3,97.8745,-2.2833
NL,Netherlands,2011-Q4,96.1561,-3.4384
NL,Netherlands,2012-Q1,94.3213,-5.3914
NL,Netherlands,2012-Q2,92.7579,-5.676
NL,Netherlands,2012-Q3,89.153,-8.9109
NL,Netherlands,2012-Q4,89.5277,-6.8933
NL,Netherlands,2013-Q1,87.0857,-7.6712
NL,Netherlands,2013-Q2,85.3027,-8.0373
NL,Netherlands,2013-Q3,85.8453,-3.7101
NL,Netherlands,2013-Q4,85.5611,-4.4307
NL,Netherlands,2014-Q1,86.0004,-1.2463
NL,Netherlands,2014-Q2,86.3751,1.2572
NL,Netherlands,2014-Q3,86.9307,1.2643
NL,Netherlands,2014-Q4,87.3054,2.0387
NL,Netherlands,2015-Q1,88.1194,2.4639
NL,Netherlands,2015-Q2,89.0238,3.0666
NL,Netherlands,2015-Q3,90.5743,4.1914
NL,Netherlands,2015-Q4,91.0912,4.3362
NL,Netherlands,2016-Q1,91.9956,4.3988
NL,Netherlands,2016-Q2,93.2877,4.7896
NL,Netherlands,2016-Q3,95.6134,5.5635
NL,Netherlands,2016-Q4,96.9055,6.383
NL,Netherlands,2017-Q1,98.8436,7.4438
NL,Netherlands,2017-Q2,100.5233,7.7562
NL,Netherlands,2017-Q3,103.3659,8.1081
NL,Netherlands,2017-Q4,105.5624,8.9333
NL,Netherlands,2018-Q1,107.8881,9.1503
NL,Netherlands,2018-Q2,109.9554,9.383
NL,Netherlands,2018-Q3,113.444,9.75
NL,Netherlands,2018-Q4,114.9945,8.9351
NL,Netherlands,2019-Q1,116.9326,8.3832
NL,Netherlands,2019-Q2,118.4831,7.7556
NL,Netherlands,2019-Q3,120.6796,6.3781
NL,Netherlands,2019-Q4,122.4885,6.5169
NL,Netherlands,2020-Q1,124.9435,6.8508
NL,Netherlands,2020-Q2,127.9152,7.9607
NL,Netherlands,2020-Q3,130.887,8.4582
NL,Netherlands,2020-Q4,133.0835,8.6498
NL,Netherlands,2021-Q1,137.8642,10.3413
NL,Netherlands,2021-Q2,143.9369,12.5253
NL,Netherlands,2021-Q3,152.077,16.1895
NL,Netherlands,2021-Q4,157.7621,18.5437
NL,Netherlands,2022-Q1,164.0933,19.0253
NL,Netherlands,2022-Q2,169.1324,17.5045
NL,Netherlands,2022-Q3,170.4244,12.0646
NL,Netherlands,2022-Q4,166.6774,5.6511
NL,Netherlands,2023-Q1,164.2225,0.0787
NL,Netherlands,2023-Q2,162.2844,-4.0489
NL,Netherlands,2023-Q3,164.0933,-3.7149
NL,Netherlands,2023-Q4,166.9358,0.155
NL,Netherlands,2024-Q1,170.2952,3.6979
NL,Netherlands,2024-Q2,174.6883,7.6433
NL,Netherlands,2024-Q3,181.1487,10.3937
NL,Netherlands,2024-Q4,185.0249,10.8359
NL,Netherlands,2025-Q1,188.6427,10.7739
NL,Netherlands,2025-Q2,191.356,9.5414
NL,Netherlands,2025-Q3,195.4907,7.9173
NL,Netherlands,2025-Q4,196.3951,6.1453
NL,Netherlands,2026-Q1,198.3332,5.137
NO,Norway,2006-Q2,80.8107,12.5683
NO,Norway,2006-Q3,83.426,15.1625
NO,Norway,2006-Q4,84.472,16.6065
NO,Norway,2007-Q1,89.7025,16.4686
NO,Norway,2007-Q2,93.1023,15.2104
NO,Norway,2007-Q3,92.9716,11.442
NO,Norway,2007-Q4,90.8794,7.5851
NO,Norway,2008-Q1,92.9716,3.6443
NO,Norway,2008-Q2,94.1484,1.1236
NO,Norway,2008-Q3,91.0101,-2.1097
NO,Norway,2008-Q4,84.6028,-6.9065
NO,Norway,2009-Q1,88.1334,-5.2039
NO,Norway,2009-Q2,92.71,-1.5278
NO,Norway,2009-Q3,94.4099,3.7356
NO,Norway,2009-Q4,94.4099,11.592
NO,Norway,2010-Q1,97.5482,10.6825
NO,Norway,2010-Q2,101.2095,9.1678
NO,Norway,2010-Q3,100.6865,6.6482
NO,Norway,2010-Q4,100.5557,6.5097
NO,Norway,2011-Q1,105.7862,8.445
NO,Norway,2011-Q2,108.663,7.3643
NO,Norway,2011-Q3,109.0552,8.3117
NO,Norway,2011-Q4,108.5322,7.9324
NO,Norway,2012-Q1,112.4551,6.3041
NO,Norway,2012-Q2,116.1164,6.8592
NO,Norway,2012-Q3,116.7702,7.0743
NO,Norway,2012-Q4,115.9856,6.8675
NO,Norway,2013-Q1,119.5162,6.2791
NO,Norway,2013-Q2,122.7852,5.7432
NO,Norway,2013-Q3,120.4315,3.1355
NO,Norway,2013-Q4,117.1625,1.0147
NO,Norway,2014-Q1,119.9085,0.3282
NO,Norway,2014-Q2,124.4851,1.3845
NO,Norway,2014-Q3,124.6159,3.4745
NO,Norway,2014-Q4,123.9621,5.8036
NO,Norway,2015-Q1,128.5387,7.1974
NO,Norway,2015-Q2,132.7231,6.6176
NO,Norway,2015-Q3,132.2001,6.086
NO,Norway,2015-Q4,129.5848,4.5359
NO,Norway,2016-Q1,134.423,4.5778
NO,Norway,2016-Q2,140.0458,5.5172
NO,Norway,2016-Q3,142.661,7.913
NO,Norway,2016-Q4,142.661,10.0908
NO,Norway,2017-Q1,148.0222,10.1167
NO,Norway,2017-Q2,149.7221,6.9094
NO,Norway,2017-Q3,146.1916,2.4748
NO,Norway,2017-Q4,143.7071,0.7333
NO,Norway,2018-Q1,146.4531,-1.0601
NO,Norway,2018-Q2,152.2066,1.6594
NO,Norway,2018-Q3,150.5067,2.9517
NO,Norway,2018-Q4,146.9761,2.2748
NO,Norway,2019-Q1,150.899,3.0357
NO,Norway,2019-Q2,155.2141,1.9759
NO,Norway,2019-Q3,154.0373,2.3458
NO,Norway,2019-Q4,150.7682,2.5801
NO,Norway,2020-Q1,153.7757,1.9064
NO,Norway,2020-Q2,159.3985,2.6959
NO,Norway,2020-Q3,161.6214,4.9236
NO,Norway,2020-Q4,162.1445,7.5455
NO,Norway,2021-Q1,170.9055,11.1395
NO,Norway,2021-Q2,179.1435,12.3872
NO,Norway,2021-Q3,178.4897,10.4369
NO,Norway,2021-Q4,175.0899,7.9839
NO,Norway,2022-Q1,183.1971,7.192
NO,Norway,2022-Q2,190.5198,6.3504
NO,Norway,2022-Q3,187.12,4.8352
NO,Norway,2022-Q4,179.6666,2.6139
NO,Norway,2023-Q1,183.0664,-0.0714
NO,Norway,2023-Q2,190.2583,-0.1373
NO,Norway,2023-Q3,184.7663,-1.2579
NO,Norway,2023-Q4,178.3589,-0.7278
NO,Norway,2024-Q1,185.2893,1.2143
NO,Norway,2024-Q2,193.135,1.512
NO,Norway,2024-Q3,190.7813,3.2555
NO,Norway,2024-Q4,186.9892,4.8387
NO,Norway,2025-Q1,197.3194,6.4926
NO,Norway,2025-Q2,201.896,4.5362
NO,Norway,2025-Q3,200.3269,5.0034
NO,Norway,2025-Q4,198.104,5.9441
NO,Norway,2026-Q1,204.9036,3.8436
NZ,New Zealand,2006-Q2,92.3104,10.1563
NZ,New Zealand,2006-Q3,94.4589,9.2768
NZ,New Zealand,2006-Q4,97.7926,8.9239
NZ,New Zealand,2007-Q1,101.8609,11.324
NZ,New Zealand,2007-Q2,104.7164,13.4394
NZ,New Zealand,2007-Q3,105.1253,11.2921
NZ,New Zealand,2007-Q4,105.2777,7.6541
NZ,New Zealand,2008-Q1,104.6471,2.7353
NZ,New Zealand,2008-Q2,100.052,-4.4543
NZ,New Zealand,2008-Q3,98.1183,-6.6653
NZ,New Zealand,2008-Q4,95.8797,-8.9269
NZ,New Zealand,2009-Q1,95.2282,-9.0006
NZ,New Zealand,2009-Q2,96.9539,-3.0964
NZ,New Zealand,2009-Q3,99.151,1.0525
NZ,New Zealand,2009-Q4,101.05,5.3925
NZ,New Zealand,2010-Q1,101.1332,6.2009
NZ,New Zealand,2010-Q2,100.0243,3.1668
NZ,New Zealand,2010-Q3,99.4213,0.2726
NZ,New Zealand,2010-Q4,99.4213,-1.6118
NZ,New Zealand,2011-Q1,99.6639,-1.4529
NZ,New Zealand,2011-Q2,100.149,0.1247
NZ,New Zealand,2011-Q3,101.5005,2.0913
NZ,New Zealand,2011-Q4,101.6876,2.2795
NZ,New Zealand,2012-Q1,102.7619,3.1085
NZ,New Zealand,2012-Q2,103.9748,3.8201
NZ,New Zealand,2012-Q3,106.0332,4.4657
NZ,New Zealand,2012-Q4,108.2372,6.4408
NZ,New Zealand,2013-Q1,110.7184,7.7426
NZ,New Zealand,2013-Q2,113.0817,8.7588
NZ,New Zealand,2013-Q3,116.6164,9.981
NZ,New Zealand,2013-Q4,117.9402,8.9646
NZ,New Zealand,2014-Q1,119.1669,7.6307
NZ,New Zealand,2014-Q2,120.3452,6.4231
NZ,New Zealand,2014-Q3,122.2303,4.814
NZ,New Zealand,2014-Q4,126.3818,7.1575
NZ,New Zealand,2015-Q1,130.367,9.3986
NZ,New Zealand,2015-Q2,134.8581,12.0594
NZ,New Zealand,2015-Q3,141.1443,15.474
NZ,New Zealand,2015-Q4,142.3363,12.6241
NZ,New Zealand,2016-Q1,147.5275,13.1632
NZ,New Zealand,2016-Q2,155.3245,15.1763
NZ,New Zealand,2016-Q3,161.0008,14.0683
NZ,New Zealand,2016-Q4,162.6503,14.2718
NZ,New Zealand,2017-Q1,165.381,12.1019
NZ,New Zealand,2017-Q2,165.6998,6.6798
NZ,New Zealand,2017-Q3,166.8781,3.6505
NZ,New Zealand,2017-Q4,169.2484,4.0566
NZ,New Zealand,2018-Q1,171.3068,3.5831
NZ,New Zealand,2018-Q2,171.688,3.6139
NZ,New Zealand,2018-Q3,173.3236,3.8624
NZ,New Zealand,2018-Q4,174.8623,3.317
NZ,New Zealand,2019-Q1,175.7425,2.5893
NZ,New Zealand,2019-Q2,175.1256,2.0023
NZ,New Zealand,2019-Q3,178.688,3.095
NZ,New Zealand,2019-Q4,183.2138,4.7761
NZ,New Zealand,2020-Q1,189.0217,7.5561
NZ,New Zealand,2020-Q2,187.0465,6.807
NZ,New Zealand,2020-Q3,196.5346,9.9876
NZ,New Zealand,2020-Q4,212.6486,16.0658
NZ,New Zealand,2021-Q1,232.0061,22.7404
NZ,New Zealand,2021-Q2,240.3853,28.5164
NZ,New Zealand,2021-Q3,252.8815,28.6702
NZ,New Zealand,2021-Q4,267.7825,25.9273
NZ,New Zealand,2022-Q1,263.5409,13.5922
NZ,New Zealand,2022-Q2,252.6666,5.109
NZ,New Zealand,2022-Q3,243.6636,-3.6451
NZ,New Zealand,2022-Q4,238.8952,-10.7876
NZ,New Zealand,2023-Q1,232.7754,-11.6739
NZ,New Zealand,2023-Q2,230.1902,-8.8957
NZ,New Zealand,2023-Q3,233.7665,-4.0618
NZ,New Zealand,2023-Q4,237.4259,-0.615
NZ,New Zealand,2024-Q1,237.62,2.0812
NZ,New Zealand,2024-Q2,232.9556,1.2013
NZ,New Zealand,2024-Q3,231.4447,-0.9932
NZ,New Zealand,2024-Q4,233.6487,-1.5909
NZ,New Zealand,2025-Q1,233.0942,-1.9046
NZ,New Zealand,2025-Q2,230.3843,-1.1038
NZ,New Zealand,2025-Q3,230.218,-0.53
NZ,New Zealand,2025-Q4,230.8625,-1.1925
NZ,New Zealand,2026-Q1,231.3407,-0.7523
PL,Poland,2010-Q1,99.0437,
PL,Poland,2010-Q2,100.2462,
PL,Poland,2010-Q3,100.3882,
PL,Poland,2010-Q4,100.3219,
PL,Poland,2011-Q1,100.2557,1.2237
PL,Poland,2011-Q2,100.909,0.6612
PL,Poland,2011-Q3,99.8106,-0.5754
PL,Poland,2011-Q4,99.3467,-0.9721
PL,Poland,2012-Q1,98.0021,-2.2479
PL,Poland,2012-Q2,97.3582,-3.5188
PL,Poland,2012-Q3,96.0231,-3.7947
PL,Poland,2012-Q4,94.9626,-4.4129
PL,Poland,2013-Q1,92.5102,-5.6039
PL,Poland,2013-Q2,92.3397,-5.1547
PL,Poland,2013-Q3,92.2545,-3.9247
PL,Poland,2013-Q4,92.3113,-2.7919
PL,Poland,2014-Q1,91.9894,-0.563
PL,Poland,2014-Q2,94.0252,1.8253
PL,Poland,2014-Q3,93.4192,1.2625
PL,Poland,2014-Q4,93.637,1.4361
PL,Poland,2015-Q1,93.7979,1.966
PL,Poland,2015-Q2,95.0952,1.138
PL,Poland,2015-Q3,95.2845,1.9967
PL,Poland,2015-Q4,94.5744,1.0011
PL,Poland,2016-Q1,94.688,0.949
PL,Poland,2016-Q2,95.4834,0.4082
PL,Poland,2016-Q3,97.273,2.0869
PL,Poland,2016-Q4,98.343,3.9848
PL,Poland,2017-Q1,97.8411,3.33
PL,Poland,2017-Q2,99.839,4.5616
PL,Poland,2017-Q3,100.8427,3.6698
PL,Poland,2017-Q4,102.1305,3.8513
PL,Poland,2018-Q1,103.6644,5.9518
PL,Poland,2018-Q2,106.0032,6.1741
PL,Poland,2018-Q3,107.4046,6.5071
PL,Poland,2018-Q4,109.9422,7.6487
PL,Poland,2019-Q1,112.0538,8.0928
PL,Poland,2019-Q2,114.6672,8.1733
PL,Poland,2019-Q3,117.0249,8.9571
PL,Poland,2019-Q4,120.3106,9.4308
PL,Poland,2020-Q1,124.6662,11.2557
PL,Poland,2020-Q2,127.1755,10.9084
PL,Poland,2020-Q3,129.7794,10.899
PL,Poland,2020-Q4,131.0671,8.9406
PL,Poland,2021-Q1,133.6616,7.2156
PL,Poland,2021-Q2,137.771,8.3314
PL,Poland,2021-Q3,141.3503,8.9158
PL,Poland,2021-Q4,146.9084,12.0864
PL,Poland,2022-Q1,151.7849,13.5591
PL,Poland,2022-Q2,154.8149,12.3712
PL,Poland,2022-Q3,158.4888,12.1248
PL,Poland,2022-Q4,160.6287,9.3394
PL,Poland,2023-Q1,160.5151,5.7517
PL,Poland,2023-Q2,165.704,7.0336
PL,Poland,2023-Q3,173.1654,9.2603
PL,Poland,2023-Q4,181.5358,13.0158
PL,Poland,2024-Q1,189.4139,18.0038
PL,Poland,2024-Q2,194.9815,17.6686
PL,Poland,2024-Q3,198.0873,14.392
PL,Poland,2024-Q4,200.4072,10.3954
PL,Poland,2025-Q1,201.8748,6.5787
PL,Poland,2025-Q2,204.1947,4.7252
PL,Poland,2025-Q3,205.9843,3.9866
PL,Poland,2025-Q4,209.09,4.3326
PL,Poland,2026-Q1,213.8907,5.9522
SE,Sweden,2006-Q2,78.4102,13.4418
SE,Sweden,2006-Q3,80.5004,12.1426
SE,Sweden,2006-Q4,80.982,9.9464
SE,Sweden,2007-Q1,84.0831,10.2852
SE,Sweden,2007-Q2,89.2076,13.7703
SE,Sweden,2007-Q3,92.4254,14.8136
SE,Sweden,2007-Q4,89.7889,10.8752
SE,Sweden,2008-Q1,90.0526,7.0996
SE,Sweden,2008-Q2,91.7945,2.8998
SE,Sweden,2008-Q3,91.1451,-1.3852
SE,Sweden,2008-Q4,86.4797,-3.6856
SE,Sweden,2009-Q1,88.8526,-1.3326
SE,Sweden,2009-Q2,91.4669,-0.3568
SE,Sweden,2009-Q3,93.9708,3.1002
SE,Sweden,2009-Q4,96.5072,11.5952
SE,Sweden,2010-Q1,97.937,10.2241
SE,Sweden,2010-Q2,99.1428,8.392
SE,Sweden,2010-Q3,100.6451,7.1025
SE,Sweden,2010-Q4,102.2751,5.9766
SE,Sweden,2011-Q1,103.1907,5.3643
SE,Sweden,2011-Q2,103.212,4.1043
SE,Sweden,2011-Q3,102.974,2.314
SE,Sweden,2011-Q4,100.9526,-1.2931
SE,Sweden,2012-Q1,102.1384,-1.0197
SE,Sweden,2012-Q2,103.6418,0.4164
SE,Sweden,2012-Q3,104.8591,1.8306
SE,Sweden,2012-Q4,104.8153,3.8262
SE,Sweden,2013-Q1,106.3912,4.1637
SE,Sweden,2013-Q2,108.341,4.5341
SE,Sweden,2013-Q3,110.2446,5.136
SE,Sweden,2013-Q4,111.915,6.7736
SE,Sweden,2014-Q1,115.1595,8.2416
SE,Sweden,2014-Q2,117.723,8.6597
SE,Sweden,2014-Q3,121.641,10.3373
SE,Sweden,2014-Q4,123.5648,10.4095
SE,Sweden,2015-Q1,128.7305,11.7845
SE,Sweden,2015-Q2,133.0013,12.9782
SE,Sweden,2015-Q3,138.061,13.4988
SE,Sweden,2015-Q4,141.007,14.1158
SE,Sweden,2016-Q1,142.8585,10.9749
SE,Sweden,2016-Q2,144.5232,8.663
SE,Sweden,2016-Q3,147.8362,7.0803
SE,Sweden,2016-Q4,150.1525,6.4859
SE,Sweden,2017-Q1,154.1598,7.9108
SE,Sweden,2017-Q2,156.7952,8.4914
SE,Sweden,2017-Q3,158.9763,7.5354
SE,Sweden,2017-Q4,154.3072,2.767
SE,Sweden,2018-Q1,153.104,-0.6849
SE,Sweden,2018-Q2,154.1806,-1.6676
SE,Sweden,2018-Q3,155.6896,-2.0674
SE,Sweden,2018-Q4,155.4239,0.7237
SE,Sweden,2019-Q1,155.4349,1.5225
SE,Sweden,2019-Q2,157.5277,2.1709
SE,Sweden,2019-Q3,160.2649,2.9387
SE,Sweden,2019-Q4,160.521,3.2795
SE,Sweden,2020-Q1,162.5092,4.5513
SE,Sweden,2020-Q2,162.6474,3.25
SE,Sweden,2020-Q3,166.2236,3.7181
SE,Sweden,2020-Q4,168.9879,5.2747
SE,Sweden,2021-Q1,174.2737,7.2393
SE,Sweden,2021-Q2,180.4166,10.925
SE,Sweden,2021-Q3,185.0698,11.3379
SE,Sweden,2021-Q4,187.4125,10.9029
SE,Sweden,2022-Q1,192.2475,10.3135
SE,Sweden,2022-Q2,193.1446,7.0548
SE,Sweden,2022-Q3,187.1993,1.1506
SE,Sweden,2022-Q4,180.4842,-3.6968
SE,Sweden,2023-Q1,179.3282,-6.7201
SE,Sweden,2023-Q2,180.1013,-6.7531
SE,Sweden,2023-Q3,179.3867,-4.1734
SE,Sweden,2023-Q4,175.3291,-2.8563
SE,Sweden,2024-Q1,176.4816,-1.5874
SE,Sweden,2024-Q2,178.7262,-0.7635
SE,Sweden,2024-Q3,179.7835,0.2212
SE,Sweden,2024-Q4,179.0445,2.1191
SE,Sweden,2025-Q1,180.1982,2.1059
SE,Sweden,2025-Q2,179.7669,0.5823
SE,Sweden,2025-Q3,180.3509,0.3156
SE,Sweden,2025-Q4,181.1671,1.1855
SE,Sweden,2026-Q1,184.9046,2.6118
SG,Singapore,2006-Q2,65.7008,6.0753
SG,Singapore,2006-Q3,67.4318,7.563
SG,Singapore,2006-Q4,70.0659,10.1776
SG,Singapore,2007-Q1,73.4525,13.7529
SG,Singapore,2007-Q2,79.4732,20.9623
SG,Singapore,2007-Q3,86.096,27.6786
SG,Singapore,2007-Q4,91.8909,31.1492
SG,Singapore,2008-Q1,95.3528,29.8156
SG,Singapore,2008-Q2,95.5033,20.1704
SG,Singapore,2008-Q3,93.2455,8.3041
SG,Singapore,2008-Q4,87.6011,-4.6684
SG,Singapore,2009-Q1,75.2587,-21.0734
SG,Singapore,2009-Q2,71.7215,-24.9015
SG,Singapore,2009-Q3,83.0103,-10.9766
SG,Singapore,2009-Q4,89.1063,1.7182
SG,Singapore,2010-Q1,94.1486,25.1
SG,Singapore,2010-Q2,99.1157,38.1952
SG,Singapore,2010-Q3,101.9755,22.8468
SG,Singapore,2010-Q4,104.7601,17.5676
SG,Singapore,2011-Q1,107.0931,13.749
SG,Singapore,2011-Q2,109.2004,10.1747
SG,Singapore,2011-Q3,110.6303,8.4871
SG,Singapore,2011-Q4,110.9313,5.8908
SG,Singapore,2012-Q1,110.7808,3.4435
SG,Singapore,2012-Q2,111.3076,1.9297
SG,Singapore,2012-Q3,111.9849,1.2244
SG,Singapore,2012-Q4,114.0169,2.7815
SG,Singapore,2013-Q1,114.6943,3.5327
SG,Singapore,2013-Q2,115.8984,4.1244
SG,Singapore,2013-Q3,116.35,3.8979
SG,Singapore,2013-Q4,115.2963,1.1221
SG,Singapore,2014-Q1,113.8664,-0.7218
SG,Singapore,2014-Q2,112.6623,-2.7922
SG,Singapore,2014-Q3,111.8344,-3.881
SG,Singapore,2014-Q4,110.6303,-4.047
SG,Singapore,2015-Q1,109.5014,-3.8334
SG,Singapore,2015-Q2,108.523,-3.6741
SG,Singapore,2015-Q3,107.0931,-4.2396
SG,Singapore,2015-Q4,106.5663,-3.6735
SG,Singapore,2016-Q1,105.8137,-3.3677
SG,Singapore,2016-Q2,105.3622,-2.9126
SG,Singapore,2016-Q3,103.7817,-3.0921
SG,Singapore,2016-Q4,103.2549,-3.1074
SG,Singapore,2017-Q1,102.8786,-2.7738
SG,Singapore,2017-Q2,102.8034,-2.4286
SG,Singapore,2017-Q3,103.556,-0.2175
SG,Singapore,2017-Q4,104.3838,1.0933
SG,Singapore,2018-Q1,108.4478,5.4134
SG,Singapore,2018-Q2,112.1355,9.0776
SG,Singapore,2018-Q3,112.6623,8.7936
SG,Singapore,2018-Q4,112.587,7.8587
SG,Singapore,2019-Q1,111.8344,3.1228
SG,Singapore,2019-Q2,113.4901,1.208
SG,Singapore,2019-Q3,114.9953,2.0708
SG,Singapore,2019-Q4,115.5974,2.6738
SG,Singapore,2020-Q1,114.4685,2.3554
SG,Singapore,2020-Q2,114.8448,1.1937
SG,Singapore,2020-Q3,115.7479,0.6545
SG,Singapore,2020-Q4,118.1562,2.2135
SG,Singapore,2021-Q1,122.0696,6.6403
SG,Singapore,2021-Q2,123.048,7.1429
SG,Singapore,2021-Q3,124.4026,7.4772
SG,Singapore,2021-Q4,130.6491,10.5732
SG,Singapore,2022-Q1,131.5522,7.7682
SG,Singapore,2022-Q2,136.143,10.6422
SG,Singapore,2022-Q3,141.3358,13.6116
SG,Singapore,2022-Q4,141.9379,8.6405
SG,Singapore,2023-Q1,146.604,11.4417
SG,Singapore,2023-Q2,146.3029,7.4627
SG,Singapore,2023-Q3,147.5071,4.3664
SG,Singapore,2023-Q4,151.6463,6.8399
SG,Singapore,2024-Q1,153.7535,4.8767
SG,Singapore,2024-Q2,155.1082,6.0185
SG,Singapore,2024-Q3,154.0546,4.4388
SG,Singapore,2024-Q4,157.5917,3.9206
SG,Singapore,2025-Q1,158.8711,3.3284
SG,Singapore,2025-Q2,160.4516,3.445
SG,Singapore,2025-Q3,161.8815,5.0806
SG,Singapore,2025-Q4,162.8598,3.3429
SG,Singapore,2026-Q1,164.2897,3.4107
TR,Türkiye,2010-Q1,97.3913,
TR,Türkiye,2010-Q2,99.3079,
TR,Türkiye,2010-Q3,100.7276,
TR,Türkiye,2010-Q4,102.5732,
TR,Türkiye,2011-Q1,105.4126,8.2362
TR,Türkiye,2011-Q2,108.394,9.1494
TR,Türkiye,2011-Q3,109.4587,8.668
TR,Türkiye,2011-Q4,111.9432,9.1349
TR,Türkiye,2012-Q1,115.9184,9.9664
TR,Türkiye,2012-Q2,119.6096,10.3471
TR,Türkiye,2012-Q3,122.8039,12.192
TR,Türkiye,2012-Q4,124.3656,11.0971
TR,Türkiye,2013-Q1,128.4827,10.8389
TR,Türkiye,2013-Q2,132.8838,11.0979
TR,Türkiye,2013-Q3,136.7169,11.3294
TR,Türkiye,2013-Q4,139.7693,12.3858
TR,Türkiye,2014-Q1,143.6735,11.8232
TR,Türkiye,2014-Q2,148.5714,11.8055
TR,Türkiye,2014-Q3,154.1792,12.7726
TR,Türkiye,2014-Q4,158.5803,13.4586
TR,Türkiye,2015-Q1,165.6788,15.3162
TR,Türkiye,2015-Q2,173.2032,16.5791
TR,Türkiye,2015-Q3,178.0302,15.4697
TR,Türkiye,2015-Q4,183.425,15.667
TR,Türkiye,2016-Q1,189.3878,14.3102
TR,Türkiye,2016-Q2,195.3505,12.7869
TR,Türkiye,2016-Q3,200.3194,12.5199
TR,Türkiye,2016-Q4,204.7915,11.6486
TR,Türkiye,2017-Q1,211.961,11.919
TR,Türkiye,2017-Q2,218.2786,11.7369
TR,Türkiye,2017-Q3,220.4082,10.0284
TR,Türkiye,2017-Q4,224.5963,9.6707
TR,Türkiye,2018-Q1,229.2103,8.138
TR,Türkiye,2018-Q2,236.5927,8.3902
TR,Türkiye,2018-Q3,238.0124,7.9871
TR,Türkiye,2018-Q4,240.0,6.8584
TR,Türkiye,2019-Q1,238.5803,4.0879
TR,Türkiye,2019-Q2,242.5555,2.5203
TR,Türkiye,2019-Q3,249.37,4.7719
TR,Türkiye,2019-Q4,258.669,7.7788
TR,Türkiye,2020-Q1,274.2147,14.936
TR,Türkiye,2020-Q2,290.1154,19.6078
TR,Türkiye,2020-Q3,320.4259,28.4942
TR,Türkiye,2020-Q4,339.7338,31.3392
TR,Türkiye,2021-Q1,360.5324,31.4781
TR,Türkiye,2021-Q2,389.6362,34.3039
TR,Türkiye,2021-Q3,427.1162,33.2964
TR,Türkiye,2021-Q4,506.9033,49.206
TR,Türkiye,2022-Q1,693.0967,92.2426
TR,Türkiye,2022-Q2,947.8616,143.2684
TR,Türkiye,2022-Q3,1198.0834,180.5053
TR,Türkiye,2022-Q4,1371.0027,170.4663
TR,Türkiye,2023-Q1,1682.0586,142.6874
TR,Türkiye,2023-Q2,1947.3292,105.4445
TR,Türkiye,2023-Q3,2321.3487,93.7552
TR,Türkiye,2023-Q4,2567.3824,87.2631
TR,Türkiye,2024-Q1,2747.6131,63.3482
TR,Türkiye,2024-Q2,2914.8536,49.6847
TR,Türkiye,2024-Q3,3093.8066,33.2763
TR,Türkiye,2024-Q4,3300.2307,28.5446
TR,Türkiye,2025-Q1,3622.4312,31.8392
TR,Türkiye,2025-Q2,3866.5484,32.6498
TR,Türkiye,2025-Q3,4087.8793,32.1311
TR,Türkiye,2025-Q4,4310.701,30.6182
TR,Türkiye,2026-Q1,4590.2396,26.7171
US,United States,2006-Q2,139.4207,7.5539
US,United States,2006-Q3,138.3961,3.1837
US,United States,2006-Q4,138.3649,0.3777
US,United States,2007-Q1,137.0322,-2.4136
US,United States,2007-Q2,132.9505,-4.6408
US,United States,2007-Q3,129.3009,-6.5718
US,United States,2007-Q4,125.1598,-9.5437
US,United States,2008-Q1,120.2914,-12.2167
US,United States,2008-Q2,114.8515,-13.6133
US,United States,2008-Q3,109.7655,-15.1085
US,United States,2008-Q4,104.1256,-16.8059
US,United States,2009-Q1,101.1033,-15.9513
US,United States,2009-Q2,101.0975,-11.9755
US,United States,2009-Q3,101.3868,-7.6333
US,United States,2009-Q4,101.9814,-2.0592
US,United States,2010-Q1,101.0489,-0.0538
US,United States,2010-Q2,101.3723,0.2718
US,United States,2010-Q3,99.2172,-2.1399
US,United States,2010-Q4,98.3616,-3.5495
US,United States,2011-Q1,96.6866,-4.317
US,United States,2011-Q2,97.2152,-4.1008
US,United States,2011-Q3,97.5814,-1.6488
US,United States,2011-Q4,97.4842,-0.892
US,United States,2012-Q1,98.3609,1.7317
US,United States,2012-Q2,100.872,3.7615
US,United States,2012-Q3,102.8943,5.4446
US,United States,2012-Q4,105.1661,7.8802
US,United States,2013-Q1,107.8121,9.6087
US,United States,2013-Q2,110.6074,9.6513
US,United States,2013-Q3,113.381,10.1917
US,United States,2013-Q4,115.5643,9.8874
US,United States,2014-Q1,117.0856,8.6016
US,United States,2014-Q2,117.8463,6.5446
US,United States,2014-Q3,119.3937,5.3031
US,United States,2014-Q4,121.2202,4.8942
US,United States,2015-Q1,122.7684,4.8535
US,United States,2015-Q2,124.1867,5.3803
US,United States,2015-Q3,125.9502,5.4915
US,United States,2015-Q4,127.8253,5.4488
US,United States,2016-Q1,129.372,5.379
US,United States,2016-Q2,130.8244,5.345
US,United States,2016-Q3,132.6423,5.3133
US,United States,2016-Q4,134.7082,5.3846
US,United States,2017-Q1,136.5246,5.5287
US,United States,2017-Q2,138.4751,5.8481
US,United States,2017-Q3,140.5983,5.9981
US,United States,2017-Q4,142.836,6.0337
US,United States,2018-Q1,145.0396,6.237
US,United States,2018-Q2,146.7299,5.9612
US,United States,2018-Q3,148.1939,5.4024
US,United States,2018-Q4,149.4542,4.6334
US,United States,2019-Q1,150.5962,3.8311
US,United States,2019-Q2,152.1008,3.6604
US,United States,2019-Q3,153.8868,3.8415
US,United States,2019-Q4,156.163,4.4889
US,United States,2020-Q1,158.487,5.2397
US,United States,2020-Q2,159.8154,5.072
US,United States,2020-Q3,164.9115,7.1642
US,United States,2020-Q4,171.033,9.5221
US,United States,2021-Q1,176.438,11.3265
US,United States,2021-Q2,184.7261,15.5872
US,United States,2021-Q3,192.4834,16.7192
US,United States,2021-Q4,199.9369,16.8996
US,United States,2022-Q1,208.3062,18.062
US,United States,2022-Q2,214.0905,15.8962
US,United States,2022-Q3,212.9463,10.631
US,United States,2022-Q4,213.6837,6.8756
US,United States,2023-Q1,215.9207,3.6554
US,United States,2023-Q2,218.7755,2.1883
US,United States,2023-Q3,222.7999,4.6273
US,United States,2023-Q4,225.2994,5.4359
US,United States,2024-Q1,227.4312,5.3309
US,United States,2024-Q2,229.1817,4.7566
US,United States,2024-Q3,231.1112,3.7304
US,United States,2024-Q4,233.1234,3.4727
US,United States,2025-Q1,233.5788,2.703
US,United States,2025-Q2,233.6469,1.9484
US,United States,2025-Q3,234.2539,1.3598
US,United States,2025-Q4,235.2995,0.9334
US,United States,2026-Q1,234.8804,0.5572
ZA,South Africa,2006-Q2,84.4964,17.339
ZA,South Africa,2006-Q3,87.4033,16.1723
ZA,South Africa,2006-Q4,90.0771,14.5945
ZA,South Africa,2007-Q1,93.4865,14.6014
ZA,South Africa,2007-Q2,97.8514,15.8055
ZA,South Africa,2007-Q3,100.7423,15.2614
ZA,South Africa,2007-Q4,101.1885,12.3353
ZA,South Africa,2008-Q1,100.1485,7.1261
ZA,South Africa,2008-Q2,97.7228,-0.1314
ZA,South Africa,2008-Q3,95.7262,-4.9791
ZA,South Africa,2008-Q4,95.5022,-5.6195
ZA,South Africa,2009-Q1,95.4509,-4.6906
ZA,South Africa,2009-Q2,95.0651,-2.7197
ZA,South Africa,2009-Q3,95.5012,-0.2351
ZA,South Africa,2009-Q4,97.0727,1.6445
ZA,South Africa,2010-Q1,99.015,3.734
ZA,South Africa,2010-Q2,99.7415,4.9192
ZA,South Africa,2010-Q3,99.9505,4.6589
ZA,South Africa,2010-Q4,101.293,4.3475
ZA,South Africa,2011-Q1,102.2124,3.2291
ZA,South Africa,2011-Q2,102.8866,3.1532
ZA,South Africa,2011-Q3,103.9969,4.0484
ZA,South Africa,2011-Q4,105.262,3.9184
ZA,South Africa,2012-Q1,106.9973,4.6814
ZA,South Africa,2012-Q2,107.7208,4.6986
ZA,South Africa,2012-Q3,108.6,4.4262
ZA,South Africa,2012-Q4,110.3052,4.7911
ZA,South Africa,2013-Q1,112.3389,4.9923
ZA,South Africa,2013-Q2,114.3205,6.1266
ZA,South Africa,2013-Q3,116.3653,7.1503
ZA,South Africa,2013-Q4,118.597,7.5171
ZA,South Africa,2014-Q1,121.31,7.9857
ZA,South Africa,2014-Q2,123.4724,8.0055
ZA,South Africa,2014-Q3,124.849,7.2906
ZA,South Africa,2014-Q4,126.322,6.5137
ZA,South Africa,2015-Q1,128.8492,6.2148
ZA,South Africa,2015-Q2,131.0427,6.1312
ZA,South Africa,2015-Q3,132.4997,6.128
ZA,South Africa,2015-Q4,134.7977,6.7096
ZA,South Africa,2016-Q1,136.4134,5.8707
ZA,South Africa,2016-Q2,137.5378,4.9565
ZA,South Africa,2016-Q3,138.9195,4.8451
ZA,South Africa,2016-Q4,140.0348,3.8852
ZA,South Africa,2017-Q1,141.5039,3.7316
ZA,South Africa,2017-Q2,143.4663,4.3104
ZA,South Africa,2017-Q3,144.7605,4.2046
ZA,South Africa,2017-Q4,146.0165,4.2716
ZA,South Africa,2018-Q1,147.0666,3.9311
ZA,South Africa,2018-Q2,148.409,3.4452
ZA,South Africa,2018-Q3,149.5686,3.3214
ZA,South Africa,2018-Q4,150.7944,3.2722
ZA,South Africa,2019-Q1,151.8626,3.2611
ZA,South Africa,2019-Q2,152.3529,2.6575
ZA,South Africa,2019-Q3,152.7378,2.1189
ZA,South Africa,2019-Q4,153.7968,1.9911
ZA,South Africa,2020-Q1,153.7577,1.2479
ZA,South Africa,2020-Q2,154.2289,1.2314
ZA,South Africa,2020-Q3,157.0434,2.819
ZA,South Africa,2020-Q4,160.1996,4.1631
ZA,South Africa,2021-Q1,163.4582,6.309
ZA,South Africa,2021-Q2,166.12,7.71
ZA,South Africa,2021-Q3,167.9497,6.9448
ZA,South Africa,2021-Q4,169.7484,5.9606
ZA,South Africa,2022-Q1,171.8685,5.1453
ZA,South Africa,2022-Q2,173.6169,4.513
ZA,South Africa,2022-Q3,174.8941,4.1348
ZA,South Africa,2022-Q4,175.7451,3.5327
ZA,South Africa,2023-Q1,176.3078,2.583
ZA,South Africa,2023-Q2,176.4023,1.6043
ZA,South Africa,2023-Q3,176.4154,0.8698
ZA,South Africa,2023-Q4,177.3418,0.9085
ZA,South Africa,2024-Q1,178.0924,1.0122
ZA,South Africa,2024-Q2,177.4785,0.6101
ZA,South Africa,2024-Q3,177.5598,0.6487
ZA,South Africa,2024-Q4,179.2479,1.0748
ZA,South Africa,2025-Q1,181.2646,1.7812
ZA,South Africa,2025-Q2,183.3456,3.3058
ZA,South Africa,2025-Q3,186.2415,4.8894
ZA,South Africa,2025-Q4,189.0208,5.4522
ZA,South Africa,2026-Q1,192.1207,5.9891
